Timestamp,NodeId,Latitude,Longitude,Tech,ARFCN,Code,PLMNId,LAC,CellId,Sig Tech,Sig Pow,Sig Qual,Color Value,Color Name
2022-05-27 19:00:02,2386,35.16842,50.98236,,0,0,0,0,0,4G,-70.5,-10.5,,Null
2022-05-27 19:00:05,2386,35.16903,50.98269,,0,0,0,0,0,4G,-79.3,-12.5,,Null
2022-05-27 19:00:08,2386,35.16964,50.98304,4G,1425,124,43211,30250,64782596,4G,-81.2,-11.2,1425,1425
2022-05-27 19:00:11,2386,35.17027,50.98341,4G,1425,124,43211,30250,64782596,4G,-76.5,-8,1425,1425
2022-05-27 19:00:14,2386,35.17089,50.98379,4G,1425,124,43211,30250,64782596,4G,-80.8,-8.5,1425,1425
2022-05-27 19:00:17,2386,35.17151,50.98419,4G,1425,124,43211,30250,64782596,4G,-80.4,-7.4,1425,1425
2022-05-27 19:00:20,2386,35.17212,50.98459,4G,1425,124,43211,30250,64782596,4G,-77,-6.3,1425,1425
2022-05-27 19:00:23,2386,35.17274,50.985,4G,1425,124,43211,30250,64782596,4G,-70.3,-7.3,1425,1425
2022-05-27 19:00:26,2386,35.17336,50.98544,4G,1425,124,43211,30250,64782596,4G,-71.8,-7,1425,1425
2022-05-27 19:00:29,2386,35.17399,50.98591,4G,1425,124,43211,30250,64782596,4G,-75.3,-6.7,1425,1425
2022-05-27 19:00:32,2386,35.17462,50.9864,4G,1425,124,43211,30250,64782596,4G,-77.3,-6.8,1425,1425
2022-05-27 19:00:35,2386,35.17525,50.98689,4G,1425,124,43211,30250,64782596,4G,-72.7,-9.5,1425,1425
2022-05-27 19:00:38,2386,35.17585,50.98738,4G,1425,124,43211,30250,64782596,4G,-74.2,-6.7,1425,1425
2022-05-27 19:00:41,2386,35.17641,50.98785,4G,1425,124,43211,30250,64782596,4G,-74.3,-6.7,1425,1425
2022-05-27 19:00:44,2386,35.17693,50.9883,4G,1425,124,43211,30250,64782596,4G,-74.5,-7,1425,1425
2022-05-27 19:00:47,2386,35.17747,50.98877,4G,1425,124,43211,30250,64782596,4G,-75.8,-6.8,1425,1425
2022-05-27 19:00:50,2386,35.17803,50.98928,4G,1425,124,43211,30250,64782596,4G,-74.8,-7.6,1425,1425
2022-05-27 19:00:53,2386,35.1786,50.98985,4G,1425,124,43211,30250,64782596,4G,-74.7,-7.5,1425,1425
2022-05-27 19:00:56,2386,35.17919,50.99047,4G,1425,124,43211,30250,64782596,4G,-81.7,-6.2,1425,1425
2022-05-27 19:00:59,2386,35.17981,50.99112,4G,1425,124,43211,30250,64782596,4G,-75.8,-7.3,1425,1425
2022-05-27 19:01:02,2386,35.18043,50.9918,4G,1425,124,43211,30250,64782596,4G,-78.2,-9.8,1425,1425
2022-05-27 19:01:05,2386,35.18105,50.99249,4G,1425,124,43211,30250,64782596,4G,-79.8,-9.7,1425,1425
2022-05-27 19:01:08,2386,35.18166,50.99318,4G,1425,124,43211,30250,64782596,4G,-81.8,-6.3,1425,1425
2022-05-27 19:01:11,2386,35.18225,50.99389,4G,1425,124,43211,30250,64782596,4G,-94.7,-8.7,1425,1425
2022-05-27 19:01:14,2386,35.18281,50.9946,4G,1425,124,43211,30250,64782596,4G,-101.8,-8,1425,1425
2022-05-27 19:01:17,2386,35.18335,50.99531,4G,1425,124,43211,30250,64782596,4G,-104.3,-10.2,1425,1425
2022-05-27 19:01:20,2386,35.1839,50.99603,4G,1425,124,43211,30250,64782596,4G,-103.8,-12.3,1425,1425
2022-05-27 19:01:23,2386,35.18445,50.9968,4G,1423,316,43211,42221,23387397,4G,-109.8,-15,1423,1423
2022-05-27 19:01:26,2386,35.18499,50.99758,4G,1423,417,43211,42221,23357701,4G,-99,-9.7,1423,1423
2022-05-27 19:01:29,2386,35.18553,50.99839,4G,1423,316,43211,42221,23387397,4G,-98.8,-6.3,1423,1423
2022-05-27 19:01:32,2386,35.18607,50.99924,4G,1423,316,43211,42221,23387397,4G,-97.3,-7.3,1423,1423
2022-05-27 19:01:35,2386,35.1866,51.00009,4G,1423,316,43211,42221,23387397,4G,-95.3,-6.7,1423,1423
2022-05-27 19:01:38,2386,35.1871,51.00095,4G,1423,316,43211,42221,23387397,4G,-94,-7,1423,1423
2022-05-27 19:01:41,2386,35.18759,51.00182,4G,1423,316,43211,42221,23387397,4G,-84.5,-7,1423,1423
2022-05-27 19:01:44,2386,35.18806,51.0027,4G,1423,316,43211,42221,23387397,4G,-81.7,-8,1423,1423
2022-05-27 19:01:47,2386,35.18851,51.00358,4G,1423,316,43211,42221,23387397,4G,-81.3,-7.2,1423,1423
2022-05-27 19:01:50,2386,35.18894,51.00444,4G,1423,316,43211,42221,23387397,4G,-78.7,-8.2,1423,1423
2022-05-27 19:01:53,2386,35.18936,51.00531,4G,1423,316,43211,42221,23387397,4G,-79,-7,1423,1423
2022-05-27 19:01:56,2386,35.18977,51.00621,4G,1423,316,43211,42221,23387397,4G,-77,-6.3,1423,1423
2022-05-27 19:01:59,2386,35.19017,51.00713,4G,1423,316,43211,42221,23387397,4G,-76.8,-7.5,1423,1423
2022-05-27 19:02:02,2386,35.19057,51.00806,4G,1423,316,43211,42221,23387397,4G,-77.8,-7,1423,1423
2022-05-27 19:02:05,2386,35.19094,51.00899,4G,1423,316,43211,42221,23387397,4G,-76.3,-6.2,1423,1423
2022-05-27 19:02:08,2386,35.19129,51.00988,4G,1423,316,43211,42221,23387397,4G,-73.8,-6.8,1423,1423
2022-05-27 19:02:11,2386,35.19163,51.01075,4G,1423,316,43211,42221,23387397,4G,-73.2,-7.3,1423,1423
2022-05-27 19:02:14,2386,35.19193,51.01161,4G,1423,316,43211,42221,23387397,4G,-70.3,-7,1423,1423
2022-05-27 19:02:17,2386,35.19222,51.01249,4G,1423,316,43211,42221,23387397,4G,-73.5,-5.8,1423,1423
2022-05-27 19:02:20,2386,35.1925,51.01339,4G,1423,316,43211,42221,23387397,4G,-65.3,-6.8,1423,1423
2022-05-27 19:02:23,2386,35.19278,51.01432,4G,1423,316,43211,42221,23387397,4G,-64.8,-6.3,1423,1423
2022-05-27 19:02:26,2386,35.19305,51.01528,4G,1423,316,43211,42221,23387397,4G,-72,-7.3,1423,1423
2022-05-27 19:02:29,2386,35.19332,51.01627,4G,1423,315,43211,42221,23387396,4G,-75.5,-7,1423,1423
2022-05-27 19:02:32,2386,35.19356,51.01729,4G,1423,315,43211,42221,23387396,4G,-79.8,-8.3,1423,1423
2022-05-27 19:02:35,2386,35.19378,51.01832,4G,1423,315,43211,42221,23387396,4G,-64.7,-8.3,1423,1423
2022-05-27 19:02:38,2386,35.194,51.01932,4G,1423,315,43211,42221,23387396,4G,-62,-9,1423,1423
2022-05-27 19:02:41,2386,35.1942,51.0203,4G,1423,315,43211,42221,23387396,4G,-66.5,-7,1423,1423
2022-05-27 19:02:44,2386,35.19438,51.02131,4G,1423,315,43211,42221,23387396,4G,-72.5,-6.8,1423,1423
2022-05-27 19:02:47,2386,35.19454,51.02233,4G,1423,315,43211,42221,23387396,4G,-72.8,-6.5,1423,1423
2022-05-27 19:02:50,2386,35.19468,51.02335,4G,1423,315,43211,42221,23387396,4G,-72.8,-5.8,1423,1423
2022-05-27 19:02:53,2386,35.19483,51.02439,4G,1423,315,43211,42221,23387396,4G,-74.3,-7.3,1423,1423
2022-05-27 19:02:56,2386,35.19495,51.02546,4G,1423,315,43211,42221,23387396,4G,-77.7,-7,1423,1423
2022-05-27 19:02:59,2386,35.19505,51.02655,4G,1423,315,43211,42221,23387396,4G,-79,-6.7,1423,1423
2022-05-27 19:03:02,2386,35.19514,51.02764,4G,1423,315,43211,42221,23387396,4G,-79.3,-7.3,1423,1423
2022-05-27 19:03:05,2386,35.19521,51.0287,4G,1423,315,43211,42221,23387396,4G,-82.2,-7.3,1423,1423
2022-05-27 19:03:08,2386,35.19526,51.02974,4G,1423,315,43211,42221,23387396,4G,-83.8,-7.5,1423,1423
2022-05-27 19:03:11,2386,35.19532,51.03074,4G,1423,315,43211,42221,23387396,4G,-86.8,-8.5,1423,1423
2022-05-27 19:03:14,2386,35.19536,51.03174,4G,1423,315,43211,42221,23387396,4G,-89.7,-9,1423,1423
2022-05-27 19:03:17,2386,35.19542,51.03281,4G,1423,315,43211,42221,23387396,4G,-90.3,-8.5,1423,1423
2022-05-27 19:03:20,2386,35.19549,51.03393,4G,1423,315,43211,42221,23387396,4G,-91.8,-10.8,1423,1423
2022-05-27 19:03:23,2386,35.19557,51.03506,4G,1423,315,43211,42221,23387396,4G,-92.3,-9.3,1423,1423
2022-05-27 19:03:26,2386,35.19563,51.03623,4G,1423,315,43211,42221,23387396,4G,-92.5,-8.8,1423,1423
2022-05-27 19:03:29,2386,35.1957,51.0374,4G,1423,315,43211,42221,23387396,4G,-93,-9,1423,1423
2022-05-27 19:03:32,2386,35.19578,51.03855,4G,1423,315,43211,42221,23387396,4G,-94.8,-9,1423,1423
2022-05-27 19:03:35,2386,35.19586,51.0397,4G,1423,315,43211,42221,23387396,4G,-91,-8.5,1423,1423
2022-05-27 19:03:38,2386,35.19598,51.04082,4G,1423,315,43211,42221,23387396,4G,-93.5,-8.5,1423,1423
2022-05-27 19:03:41,2386,35.19611,51.04195,4G,1423,315,43211,42221,23387396,4G,-96,-8.8,1423,1423
2022-05-27 19:03:44,2386,35.19626,51.04308,4G,1423,315,43211,42221,23387396,4G,-96.5,-8.3,1423,1423
2022-05-27 19:03:47,2386,35.19644,51.0442,4G,1423,315,43211,42221,23387396,4G,-95,-7.3,1423,1423
2022-05-27 19:03:50,2386,35.19662,51.04532,4G,1423,315,43211,42221,23387396,4G,-91.3,-7.3,1423,1423
2022-05-27 19:03:53,2386,35.19682,51.04642,4G,1423,315,43211,42221,23387396,4G,-89.8,-8.8,1423,1423
2022-05-27 19:03:56,2386,35.19703,51.04746,4G,1423,315,43211,42221,23387396,4G,-90.5,-9.8,1423,1423
2022-05-27 19:03:59,2386,35.19725,51.04842,4G,1423,315,43211,42221,23387396,4G,-95.5,-8.5,1423,1423
2022-05-27 19:04:02,2386,35.19747,51.04935,4G,1423,315,43211,42221,23387396,4G,-100.5,-10.5,1423,1423
2022-05-27 19:04:05,2386,35.1977,51.05026,4G,1423,381,43211,42221,23450885,4G,-103,-12.7,1423,1423
2022-05-27 19:04:08,2386,35.19794,51.05114,4G,1423,381,43211,42221,23450885,4G,-99.8,-9.5,1423,1423
2022-05-27 19:04:11,2386,35.19821,51.052,4G,1423,381,43211,42221,23450885,4G,-93.3,-9,1423,1423
2022-05-27 19:04:14,2386,35.19848,51.05289,4G,1423,381,43211,42221,23450885,4G,-90.3,-7.3,1423,1423
2022-05-27 19:04:17,2386,35.19875,51.05382,4G,1423,381,43211,42221,23450885,4G,-94.5,-7.3,1423,1423
2022-05-27 19:04:20,2386,35.19905,51.05479,4G,1423,381,43211,42221,23450885,4G,-91.5,-7.5,1423,1423
2022-05-27 19:04:23,2386,35.1994,51.05579,4G,1423,381,43211,42221,23450885,4G,-93.8,-7.8,1423,1423
2022-05-27 19:04:26,2386,35.19975,51.05674,4G,1423,381,43211,42221,23450885,4G,-94,-7.5,1423,1423
2022-05-27 19:04:29,2386,35.20009,51.05759,4G,1423,381,43211,42221,23450885,4G,-91.5,-7,1423,1423
2022-05-27 19:04:32,2386,35.20041,51.05841,4G,1423,381,43211,42221,23450885,4G,-90,-7.3,1423,1423
2022-05-27 19:04:35,2386,35.20074,51.0592,4G,1423,381,43211,42221,23450885,4G,-87.5,-7,1423,1423
2022-05-27 19:04:38,2386,35.20109,51.05998,4G,1423,381,43211,42221,23450885,4G,-85.8,-6.5,1423,1423
2022-05-27 19:04:41,2386,35.20146,51.06076,4G,1423,381,43211,42221,23450885,4G,-85.7,-6,1423,1423
2022-05-27 19:04:44,2386,35.20185,51.06156,4G,1423,381,43211,42221,23450885,4G,-83,-7,1423,1423
2022-05-27 19:04:47,2386,35.20225,51.06238,4G,1423,381,43211,42221,23450885,4G,-81.8,-6.4,1423,1423
2022-05-27 19:04:50,2386,35.20266,51.06321,4G,1423,381,43211,42221,23450885,4G,-80.3,-7.3,1423,1423
2022-05-27 19:04:53,2386,35.20309,51.06404,4G,1423,381,43211,42221,23450885,4G,-76.3,-6.8,1423,1423
2022-05-27 19:04:56,2386,35.20354,51.06488,4G,1423,381,43211,42221,23450885,4G,-77.3,-6.3,1423,1423
2022-05-27 19:04:59,2386,35.20401,51.06565,4G,1423,381,43211,42221,23450885,4G,-74.3,-6.5,1423,1423
2022-05-27 19:05:02,2386,35.20447,51.06641,4G,1423,381,43211,42221,23450885,4G,-74.8,-6,1423,1423
2022-05-27 19:05:05,2386,35.20495,51.06718,4G,1423,381,43211,42221,23450885,4G,-73.4,-6.8,1423,1423
2022-05-27 19:05:08,2386,35.20544,51.06795,4G,1423,381,43211,42221,23450885,4G,-66.2,-6.2,1423,1423
2022-05-27 19:05:11,2386,35.20595,51.06875,4G,1423,381,43211,42221,23450885,4G,-63.2,-6.2,1423,1423
2022-05-27 19:05:14,2386,35.20648,51.06958,4G,1423,381,43211,42221,23450885,4G,-65.5,-6.5,1423,1423
2022-05-27 19:05:17,2386,35.20702,51.07045,4G,1423,381,43211,42221,23450885,4G,-73.7,-7.3,1423,1423
2022-05-27 19:05:20,2386,35.20759,51.07135,4G,1423,381,43211,42221,23450885,4G,-86.3,-8.3,1423,1423
2022-05-27 19:05:23,2386,35.20816,51.07227,4G,1423,383,43211,42221,23450884,4G,-82.3,-9,1423,1423
2022-05-27 19:05:26,2386,35.20873,51.07317,4G,1423,383,43211,42221,23450884,4G,-73.3,-7.2,1423,1423
2022-05-27 19:05:29,2386,35.20929,51.07403,4G,1423,383,43211,42221,23450884,4G,-70.3,-8.2,1423,1423
2022-05-27 19:05:32,2386,35.20985,51.0749,4G,1423,383,43211,42221,23450884,4G,-69.2,-6.3,1423,1423
2022-05-27 19:05:35,2386,35.21038,51.07576,4G,1423,383,43211,42221,23450884,4G,-77.3,-7.5,1423,1423
2022-05-27 19:05:38,2386,35.21086,51.07659,4G,1423,383,43211,42221,23450884,4G,-76.8,-8.7,1423,1423
2022-05-27 19:05:41,2386,35.21134,51.07746,4G,1423,383,43211,42221,23450884,4G,-77.2,-8.7,1423,1423
2022-05-27 19:05:44,2386,35.21181,51.07834,4G,1423,383,43211,42221,23450884,4G,-75.7,-8.5,1423,1423
2022-05-27 19:05:47,2386,35.21225,51.07924,4G,1423,383,43211,42221,23450884,4G,-78.7,-8.8,1423,1423
2022-05-27 19:05:50,2386,35.21268,51.08017,4G,1423,383,43211,42221,23450884,4G,-76,-9.4,1423,1423
2022-05-27 19:05:53,2386,35.2131,51.08112,4G,1423,383,43211,42221,23450884,4G,-82.3,-8.3,1423,1423
2022-05-27 19:05:56,2386,35.21352,51.08208,4G,1423,383,43211,42221,23450884,4G,-81,-8.7,1423,1423
2022-05-27 19:05:59,2386,35.21394,51.08304,4G,1423,383,43211,42221,23450884,4G,-80.7,-9,1423,1423
2022-05-27 19:06:02,2386,35.21435,51.08402,4G,1423,383,43211,42221,23450884,4G,-82,-9,1423,1423
2022-05-27 19:06:05,2386,35.21474,51.08504,4G,1423,383,43211,42221,23450884,4G,-80.5,-8.5,1423,1423
2022-05-27 19:06:08,2386,35.21511,51.08608,4G,1423,383,43211,42221,23450884,4G,-80.8,-8.7,1423,1423
2022-05-27 19:06:11,2386,35.21547,51.08712,4G,1423,383,43211,42221,23450884,4G,-81,-9.3,1423,1423
2022-05-27 19:06:14,2386,35.21581,51.08814,4G,1423,383,43211,42221,23450884,4G,-80.7,-6.7,1423,1423
2022-05-27 19:06:17,2386,35.21615,51.08916,4G,1423,383,43211,42221,23450884,4G,-82,-8,1423,1423
2022-05-27 19:06:20,2386,35.21646,51.09022,4G,1423,383,43211,42221,23450884,4G,-87.3,-7.3,1423,1423
2022-05-27 19:06:23,2386,35.21675,51.09128,4G,1423,383,43211,42221,23450884,4G,-84,-9.2,1423,1423
2022-05-27 19:06:26,2386,35.21703,51.09237,4G,1423,383,43211,42221,23450884,4G,-88,-9.8,1423,1423
2022-05-27 19:06:29,2386,35.21728,51.09347,4G,1423,383,43211,42221,23450884,4G,-86.6,-7,1423,1423
2022-05-27 19:06:32,2386,35.21751,51.09452,4G,1423,383,43211,42221,23450884,4G,-89.8,-7.2,1423,1423
2022-05-27 19:06:35,2386,35.21771,51.09553,4G,1423,383,43211,42221,23450884,4G,-87,-8.7,1423,1423
2022-05-27 19:06:38,2386,35.21788,51.09651,4G,1423,383,43211,42221,23450884,4G,-90.2,-8.5,1423,1423
2022-05-27 19:06:41,2386,35.21803,51.09748,4G,1423,383,43211,42221,23450884,4G,-82.8,-7.3,1423,1423
2022-05-27 19:06:44,2386,35.21814,51.09829,4G,1423,383,43211,42221,23450884,4G,-83.7,-9,1423,1423
2022-05-27 19:06:45,2386,35.21818,51.09858,4G,1423,383,43211,42221,23450884,4G,-82.5,-7.8,1423,1423
2022-05-27 19:06:47,2386,35.21829,51.09935,4G,1423,383,43211,42221,23450884,4G,-88,-8,1423,1423
2022-05-27 19:06:50,2386,35.21842,51.10032,4G,1423,383,43211,42221,23450884,4G,-91.2,-7.6,1423,1423
2022-05-27 19:06:53,2386,35.21854,51.10123,4G,1423,383,43211,42221,23450884,4G,-87.6,-9.2,1423,1423
2022-05-27 19:06:56,2386,35.21866,51.10212,4G,1423,383,43211,42221,23450884,4G,-92.7,-8.7,1423,1423
2022-05-27 19:06:59,2386,35.2188,51.103,4G,1423,383,43211,42221,23450884,4G,-103,-10,1423,1423
2022-05-27 19:07:02,2386,35.21893,51.10392,4G,1423,383,43211,42221,23450884,4G,-106,-10.8,1423,1423
2022-05-27 19:07:05,2386,35.21908,51.10487,4G,1423,383,43211,42221,23450884,4G,-107,-9.5,1423,1423
2022-05-27 19:07:08,2386,35.21926,51.10587,4G,1423,383,43211,42221,23450884,4G,-107.7,-9.7,1423,1423
2022-05-27 19:07:11,2386,35.21943,51.1069,4G,1423,383,43211,42221,23450884,4G,-102,-12.3,1423,1423
2022-05-27 19:07:14,2386,35.21963,51.10791,4G,1423,383,43211,42221,23450884,4G,-97.3,-10.8,1423,1423
2022-05-27 19:07:17,2386,35.21986,51.10891,4G,1423,383,43211,42221,23450884,4G,-89.5,-9.8,1423,1423
2022-05-27 19:07:20,2386,35.2201,51.10994,4G,1423,383,43211,42221,23450884,4G,-93.2,-10.4,1423,1423
2022-05-27 19:07:23,2386,35.22035,51.11097,4G,1423,383,43211,42221,23450884,4G,-99.7,-7.7,1423,1423
2022-05-27 19:07:26,2386,35.22062,51.11199,4G,1423,383,43211,42221,23450884,4G,-104,-9,1423,1423
2022-05-27 19:07:29,2386,35.22091,51.11301,4G,1423,383,43211,42221,23450884,4G,-102.7,-9,1423,1423
2022-05-27 19:07:32,2386,35.22122,51.114,4G,1423,383,43211,42221,23450884,4G,-100,-8.3,1423,1423
2022-05-27 19:07:35,2386,35.22152,51.11495,4G,1423,383,43211,42221,23450884,4G,-97.5,-7.8,1423,1423
2022-05-27 19:07:38,2386,35.22183,51.11588,4G,1423,383,43211,42221,23450884,4G,-96.3,-7.7,1423,1423
2022-05-27 19:07:41,2386,35.22214,51.11677,4G,1423,383,43211,42221,23450884,4G,-93.3,-9.8,1423,1423
2022-05-27 19:07:44,2386,35.22247,51.11767,4G,1423,383,43211,42221,23450884,4G,-90.7,-9.5,1423,1423
2022-05-27 19:07:47,2386,35.22283,51.11857,4G,1423,383,43211,42221,23450884,4G,-94,-9.7,1423,1423
2022-05-27 19:07:50,2386,35.2232,51.11949,4G,1423,383,43211,42221,23450884,4G,-90.2,-8,1423,1423
2022-05-27 19:07:53,2386,35.22358,51.12041,4G,1423,383,43211,42221,23450884,4G,-89,-7.5,1423,1423
2022-05-27 19:07:56,2386,35.22398,51.12132,4G,1423,383,43211,42221,23450884,4G,-92.8,-10.8,1423,1423
2022-05-27 19:07:59,2386,35.22439,51.1222,4G,1423,383,43211,42221,23450884,4G,-87,-9,1423,1423
2022-05-27 19:08:02,2386,35.2248,51.12303,4G,1423,383,43211,42221,23450884,4G,-91,-10.2,1423,1423
2022-05-27 19:08:05,2386,35.22523,51.12383,4G,1423,383,43211,42221,23450884,4G,-93,-12,1423,1423
2022-05-27 19:08:08,2386,35.22565,51.12461,4G,1423,383,43211,42221,23450884,4G,-94.5,-12,1423,1423
2022-05-27 19:08:11,2386,35.22606,51.12536,4G,1423,250,43211,42221,23388166,4G,-94.8,-13,1423,1423
2022-05-27 19:08:14,2386,35.22646,51.12609,4G,1423,250,43211,42221,23388166,4G,-91.7,-7.5,1423,1423
2022-05-27 19:08:17,2386,35.22688,51.12682,4G,1423,250,43211,42221,23388166,4G,-90.5,-8,1423,1423
2022-05-27 19:08:20,2386,35.22733,51.12754,4G,1423,250,43211,42221,23388166,4G,-89.2,-8.5,1423,1423
2022-05-27 19:08:23,2386,35.22778,51.12825,4G,1423,250,43211,42221,23388166,4G,-93,-7.5,1423,1423
2022-05-27 19:08:26,2386,35.22824,51.12901,4G,1423,250,43211,42221,23388166,4G,-88.3,-6.7,1423,1423
2022-05-27 19:08:29,2386,35.22876,51.12978,4G,1423,250,43211,42221,23388166,4G,-86,-8,1423,1423
2022-05-27 19:08:32,2386,35.2293,51.13056,4G,1423,250,43211,42221,23388166,4G,-85.2,-8.2,1423,1423
2022-05-27 19:08:35,2386,35.22987,51.13133,4G,1423,250,43211,42221,23388166,4G,-81.5,-8.8,1423,1423
2022-05-27 19:08:38,2386,35.23044,51.13208,4G,1423,250,43211,42221,23388166,4G,-80.5,-7,1423,1423
2022-05-27 19:08:41,2386,35.23101,51.13282,4G,1423,250,43211,42221,23388166,4G,-81,-6.3,1423,1423
2022-05-27 19:08:44,2386,35.23161,51.13355,4G,1423,250,43211,42221,23388166,4G,-86.5,-6.7,1423,1423
2022-05-27 19:08:47,2386,35.23221,51.13429,4G,1423,250,43211,42221,23388166,4G,-79,-6,1423,1423
2022-05-27 19:08:50,2386,35.23284,51.135,4G,1423,250,43211,42221,23388166,4G,-74,-7.5,1423,1423
2022-05-27 19:08:53,2386,35.23348,51.1357,4G,1423,250,43211,42221,23388166,4G,-73,-7,1423,1423
2022-05-27 19:08:56,2386,35.23411,51.13637,4G,1423,250,43211,42221,23388166,4G,-78.7,-7.7,1423,1423
2022-05-27 19:08:59,2386,35.23475,51.13703,4G,1423,250,43211,42221,23388166,4G,-73.3,-8.7,1423,1423
2022-05-27 19:09:02,2386,35.23542,51.13766,4G,1423,249,43211,42221,23388165,4G,-73.3,-9.3,1423,1423
2022-05-27 19:09:05,2386,35.2361,51.13825,4G,1423,249,43211,42221,23388165,4G,-72.8,-7.5,1423,1423
2022-05-27 19:09:08,2386,35.23679,51.13887,4G,1423,249,43211,42221,23388165,4G,-74.7,-6,1423,1423
2022-05-27 19:09:11,2386,35.23748,51.13948,4G,1423,249,43211,42221,23388165,4G,-80.5,-6.5,1423,1423
2022-05-27 19:09:14,2386,35.23812,51.14002,4G,1423,251,43211,42221,23388164,4G,-77,-9.5,1423,1423
2022-05-27 19:09:17,2386,35.23876,51.14051,4G,1423,251,43211,42221,23388164,4G,-65.4,-8.6,1423,1423
2022-05-27 19:09:20,2386,35.23944,51.14103,4G,1423,251,43211,42221,23388164,4G,-68.8,-7.8,1423,1423
2022-05-27 19:09:23,2386,35.24016,51.14157,4G,1423,251,43211,42221,23388164,4G,-69.8,-7.8,1423,1423
2022-05-27 19:09:26,2386,35.24089,51.14211,4G,1423,251,43211,42221,23388164,4G,-74.3,-8.5,1423,1423
2022-05-27 19:09:29,2386,35.24162,51.14263,4G,1423,251,43211,42221,23388164,4G,-78,-8.7,1423,1423
2022-05-27 19:09:32,2386,35.24238,51.14313,4G,1423,251,43211,42221,23388164,4G,-80.3,-8,1423,1423
2022-05-27 19:09:35,2386,35.24315,51.14361,4G,1423,251,43211,42221,23388164,4G,-80.3,-7.7,1423,1423
2022-05-27 19:09:38,2386,35.24392,51.14408,4G,1423,251,43211,42221,23388164,4G,-83,-9.3,1423,1423
2022-05-27 19:09:41,2386,35.2447,51.14454,4G,1423,251,43211,42221,23388164,4G,-83.3,-7,1423,1423
2022-05-27 19:09:44,2386,35.24548,51.14498,4G,1423,251,43211,42221,23388164,4G,-83.8,-8.4,1423,1423
2022-05-27 19:09:47,2386,35.24629,51.1454,4G,1423,251,43211,42221,23388164,4G,-87.3,-7.8,1423,1423
2022-05-27 19:09:50,2386,35.2471,51.1458,4G,1423,251,43211,42221,23388164,4G,-88,-8,1423,1423
2022-05-27 19:09:53,2386,35.2479,51.14616,4G,1423,251,43211,42221,23388164,4G,-89.3,-7.7,1423,1423
2022-05-27 19:09:56,2386,35.24872,51.14649,4G,1423,251,43211,42221,23388164,4G,-89.6,-9,1423,1423
2022-05-27 19:09:59,2386,35.24955,51.14681,4G,1423,251,43211,42221,23388164,4G,-88.8,-7,1423,1423
2022-05-27 19:10:02,2386,35.25036,51.14711,4G,1423,251,43211,42221,23388164,4G,-95,-8.3,1423,1423
2022-05-27 19:10:05,2386,35.25115,51.14737,4G,1423,251,43211,42221,23388164,4G,-95,-9,1423,1423
2022-05-27 19:10:08,2386,35.25195,51.14763,4G,1423,251,43211,42221,23388164,4G,-94.7,-8.3,1423,1423
2022-05-27 19:10:11,2386,35.25276,51.14788,4G,1423,251,43211,42221,23388164,4G,-97,-9,1423,1423
2022-05-27 19:10:14,2386,35.25358,51.14813,4G,1423,251,43211,42221,23388164,4G,-100,-10.8,1423,1423
2022-05-27 19:10:17,2386,35.25442,51.1484,4G,1423,251,43211,42221,23388164,4G,-104,-13,1423,1423
2022-05-27 19:10:20,2386,35.25527,51.14867,4G,1423,251,43211,42221,23388164,4G,-96.8,-10,1423,1423
2022-05-27 19:10:23,2386,35.25612,51.14895,4G,1423,251,43211,42221,23388164,4G,-93.3,-9.3,1423,1423
2022-05-27 19:10:26,2386,35.25695,51.14925,4G,1423,251,43211,42221,23388164,4G,-93,-8.7,1423,1423
2022-05-27 19:10:29,2386,35.25778,51.14957,4G,1423,251,43211,42221,23388164,4G,-89.2,-8.3,1423,1423
2022-05-27 19:10:32,2386,35.2586,51.14989,4G,1423,251,43211,42221,23388164,4G,-90.7,-9,1423,1423
2022-05-27 19:10:35,2386,35.25942,51.15023,4G,1423,251,43211,42221,23388164,4G,-91.7,-8.7,1423,1423
2022-05-27 19:10:38,2386,35.26022,51.15057,4G,1423,251,43211,42221,23388164,4G,-95,-11,1423,1423
2022-05-27 19:10:41,2386,35.26102,51.15092,4G,1423,251,43211,42221,23388164,4G,-98.2,-10.8,1423,1423
2022-05-27 19:10:44,2386,35.26178,51.15127,4G,1423,251,43211,42221,23388164,4G,-100.8,-12.5,1423,1423
2022-05-27 19:10:47,2386,35.26252,51.15163,4G,1423,251,43211,42221,23388164,4G,-105.3,-19.2,1423,1423
2022-05-27 19:10:50,2386,35.2633,51.15201,4G,1423,265,43211,42221,23387653,4G,-101.7,-18.7,1423,1423
2022-05-27 19:10:53,2386,35.2641,51.15243,4G,1423,265,43211,42221,23387653,4G,-83.2,-6.5,1423,1423
2022-05-27 19:10:56,2386,35.2649,51.15286,4G,1423,265,43211,42221,23387653,4G,-80.6,-6.2,1423,1423
2022-05-27 19:10:59,2386,35.2657,51.15332,4G,1423,265,43211,42221,23387653,4G,-80.2,-5.8,1423,1423
2022-05-27 19:11:02,2386,35.26648,51.15377,4G,1423,265,43211,42221,23387653,4G,-72.3,-8,1423,1423
2022-05-27 19:11:05,2386,35.26725,51.15423,4G,1423,265,43211,42221,23387653,4G,-72.5,-6.7,1423,1423
2022-05-27 19:11:08,2386,35.26802,51.15471,4G,1423,265,43211,42221,23387653,4G,-72.8,-7,1423,1423
2022-05-27 19:11:11,2386,35.26877,51.15519,4G,1423,265,43211,42221,23387653,4G,-69,-7.2,1423,1423
2022-05-27 19:11:14,2386,35.26949,51.15566,4G,1423,265,43211,42221,23387653,4G,-61,-7.2,1423,1423
2022-05-27 19:11:17,2386,35.27018,51.15614,4G,1423,265,43211,42221,23387653,4G,-60.5,-9.3,1423,1423
2022-05-27 19:11:20,2386,35.27089,51.15664,4G,1423,265,43211,42221,23387653,4G,-72,-7.3,1423,1423
2022-05-27 19:11:23,2386,35.27161,51.15717,4G,1423,266,43211,42221,23387652,4G,-76.8,-9.2,1423,1423
2022-05-27 19:11:26,2386,35.27234,51.15771,4G,1423,266,43211,42221,23387652,4G,-65,-5.5,1423,1423
2022-05-27 19:11:29,2386,35.27306,51.15825,4G,1423,266,43211,42221,23387652,4G,-69.7,-6.2,1423,1423
2022-05-27 19:11:32,2386,35.27377,51.15879,4G,1423,266,43211,42221,23387652,4G,-75,-5.2,1423,1423
2022-05-27 19:11:35,2386,35.27447,51.15931,4G,1423,266,43211,42221,23387652,4G,-72.4,-5.4,1423,1423
2022-05-27 19:11:38,2386,35.27517,51.15984,4G,1423,266,43211,42221,23387652,4G,-73.7,-7,1423,1423
2022-05-27 19:11:41,2386,35.27587,51.16034,4G,1423,266,43211,42221,23387652,4G,-76.3,-7.2,1423,1423
2022-05-27 19:11:44,2386,35.27656,51.16081,4G,1423,266,43211,42221,23387652,4G,-76.2,-6,1423,1423
2022-05-27 19:11:47,2386,35.27722,51.16125,4G,1423,266,43211,42221,23387652,4G,-80.3,-5.3,1423,1423
2022-05-27 19:11:50,2386,35.27788,51.16166,4G,1423,266,43211,42221,23387652,4G,-82.2,-5.7,1423,1423
2022-05-27 19:11:53,2386,35.27855,51.16209,4G,1423,266,43211,42221,23387652,4G,-77.3,-5,1423,1423
2022-05-27 19:11:56,2386,35.27926,51.16252,4G,1423,266,43211,42221,23387652,4G,-81.5,-7,1423,1423
2022-05-27 19:11:59,2386,35.27999,51.16295,4G,1423,266,43211,42221,23387652,4G,-83,-7.3,1423,1423
2022-05-27 19:12:02,2386,35.28075,51.16338,4G,1423,266,43211,42221,23387652,4G,-82.2,-7.5,1423,1423
2022-05-27 19:12:05,2386,35.28152,51.1638,4G,1423,266,43211,42221,23387652,4G,-85.2,-7,1423,1423
2022-05-27 19:12:08,2386,35.28229,51.16421,4G,1423,266,43211,42221,23387652,4G,-89.8,-7,1423,1423
2022-05-27 19:12:11,2386,35.28305,51.16459,4G,1423,266,43211,42221,23387652,4G,-91.8,-7.5,1423,1423
2022-05-27 19:12:14,2386,35.28381,51.16496,4G,1423,266,43211,42221,23387652,4G,-84,-7.3,1423,1423
2022-05-27 19:12:17,2386,35.28458,51.1653,4G,1423,266,43211,42221,23387652,4G,-87.5,-7.5,1423,1423
2022-05-27 19:12:20,2386,35.28535,51.16564,4G,1423,266,43211,42221,23387652,4G,-87,-7.3,1423,1423
2022-05-27 19:12:23,2386,35.28611,51.166,4G,1423,266,43211,42221,23387652,4G,-92,-7,1423,1423
2022-05-27 19:12:26,2386,35.28688,51.16632,4G,1423,266,43211,42221,23387652,4G,-95.5,-9,1423,1423
2022-05-27 19:12:29,2386,35.28766,51.16663,4G,1423,395,43211,42221,23131910,4G,-94,-7.8,1423,1423
2022-05-27 19:12:32,2386,35.28847,51.16693,4G,1423,395,43211,42221,23131910,4G,-95,-10.7,1423,1423
2022-05-27 19:12:35,2386,35.2893,51.16722,4G,1423,395,43211,42221,23131910,4G,-94.2,-8.7,1423,1423
2022-05-27 19:12:38,2386,35.29015,51.1675,4G,1423,395,43211,42221,23131910,4G,-87.7,-9.2,1423,1423
2022-05-27 19:12:41,2386,35.29101,51.16777,4G,1423,395,43211,42221,23131910,4G,-84.7,-8,1423,1423
2022-05-27 19:12:44,2386,35.29188,51.16803,4G,1423,395,43211,42221,23131910,4G,-90.5,-9,1423,1423
2022-05-27 19:12:47,2386,35.29274,51.16826,4G,1423,395,43211,42221,23131910,4G,-85.7,-8,1423,1423
2022-05-27 19:12:50,2386,35.29359,51.16848,4G,1423,395,43211,42221,23131910,4G,-84.3,-8.8,1423,1423
2022-05-27 19:12:53,2386,35.29444,51.16868,4G,1423,395,43211,42221,23131910,4G,-87,-10.3,1423,1423
2022-05-27 19:12:56,2386,35.29528,51.16885,4G,1423,395,43211,42221,23131910,4G,-90,-10,1423,1423
2022-05-27 19:12:59,2386,35.29609,51.16901,4G,1423,395,43211,42221,23131910,4G,-89.3,-9,1423,1423
2022-05-27 19:13:02,2386,35.29688,51.16916,4G,1423,395,43211,42221,23131910,4G,-81.6,-9.4,1423,1423
2022-05-27 19:13:05,2386,35.29764,51.1693,4G,1423,395,43211,42221,23131910,4G,-84.3,-10,1423,1423
2022-05-27 19:13:08,2386,35.29839,51.16944,4G,1423,395,43211,42221,23131910,4G,-86.2,-10.3,1423,1423
2022-05-27 19:13:11,2386,35.29916,51.16957,4G,1423,395,43211,42221,23131910,4G,-83.6,-9,1423,1423
2022-05-27 19:13:14,2386,35.29991,51.1697,4G,1423,395,43211,42221,23131910,4G,-85.3,-9,1423,1423
2022-05-27 19:13:17,2386,35.30065,51.16984,4G,1423,395,43211,42221,23131910,4G,-90,-9,1423,1423
2022-05-27 19:13:20,2386,35.30139,51.17001,4G,1423,395,43211,42221,23131910,4G,-95,-9.2,1423,1423
2022-05-27 19:13:23,2386,35.30211,51.17018,4G,1423,395,43211,42221,23131910,4G,-91.2,-9.2,1423,1423
2022-05-27 19:13:26,2386,35.30282,51.17035,4G,1423,395,43211,42221,23131910,4G,-83,-7,1423,1423
2022-05-27 19:13:29,2386,35.3035,51.17053,4G,1423,395,43211,42221,23131910,4G,-78.3,-7.8,1423,1423
2022-05-27 19:13:32,2386,35.30409,51.1707,4G,1423,395,43211,42221,23131910,4G,-85.2,-6.6,1423,1423
2022-05-27 19:13:35,2386,35.30466,51.17087,4G,1423,395,43211,42221,23131910,4G,-79.7,-8.3,1423,1423
2022-05-27 19:13:38,2386,35.30521,51.17107,4G,1423,395,43211,42221,23131910,4G,-71.3,-6,1423,1423
2022-05-27 19:13:41,2386,35.30576,51.17127,4G,1423,395,43211,42221,23131910,4G,-72,-8,1423,1423
2022-05-27 19:13:44,2386,35.30633,51.17146,4G,1423,395,43211,42221,23131910,4G,-73.2,-6.7,1423,1423
2022-05-27 19:13:47,2386,35.30691,51.17166,4G,1423,395,43211,42221,23131910,4G,-74.2,-9.4,1423,1423
2022-05-27 19:13:50,2386,35.30745,51.17185,4G,1423,395,43211,42221,23131910,4G,-76.3,-7.3,1423,1423
2022-05-27 19:13:53,2386,35.30792,51.17203,4G,1423,395,43211,42221,23131910,4G,-72,-6.5,1423,1423
2022-05-27 19:13:56,2386,35.30835,51.17219,4G,1423,395,43211,42221,23131910,4G,-72.3,-7.2,1423,1423
2022-05-27 19:13:59,2386,35.30877,51.17235,4G,1423,395,43211,42221,23131910,4G,-72.2,-7.8,1423,1423
2022-05-27 19:14:02,2386,35.30924,51.17254,4G,1423,395,43211,42221,23131910,4G,-69.2,-8.5,1423,1423
2022-05-27 19:14:05,2386,35.30971,51.17273,4G,1423,395,43211,42221,23131910,4G,-72.8,-9.8,1423,1423
2022-05-27 19:14:08,2386,35.31017,51.17292,4G,1423,395,43211,42221,23131910,4G,-70,-8.2,1423,1423
2022-05-27 19:14:11,2386,35.3106,51.1731,4G,1423,395,43211,42221,23131910,4G,-74,-9,1423,1423
2022-05-27 19:14:14,2386,35.31103,51.17329,4G,1423,393,43211,42221,23131918,4G,-79.8,-10.7,1423,1423
2022-05-27 19:14:17,2386,35.31141,51.17351,4G,1423,393,43211,42221,23131918,4G,-76,-8.8,1423,1423
2022-05-27 19:14:20,2386,35.31169,51.17377,4G,1423,393,43211,42221,23131918,4G,-79.8,-9,1423,1423
2022-05-27 19:14:23,2386,35.31186,51.17408,4G,1423,393,43211,42221,23131918,4G,-82.8,-10.2,1423,1423
2022-05-27 19:14:26,2386,35.31196,51.1744,4G,1423,393,43211,42221,23131918,4G,-79.2,-8.5,1423,1423
2022-05-27 19:14:29,2386,35.31203,51.17471,4G,1423,393,43211,42221,23131918,4G,-74.3,-8.3,1423,1423
2022-05-27 19:14:32,2386,35.31211,51.17496,4G,1423,393,43211,42221,23131918,4G,-74.6,-9.4,1423,1423
2022-05-27 19:14:38,2386,35.3121,51.17513,4G,1423,393,43211,42221,23131918,4G,-75.8,-8.8,1423,1423
2022-05-27 19:14:50,2386,35.31212,51.17531,4G,1423,393,43211,42221,23131918,4G,-72.5,-8.6,1423,1423
2022-05-27 19:18:11,2386,35.31213,51.17544,4G,1423,393,43211,42221,23131918,4G,-77.7,-8.9,1423,1423
2022-05-27 19:20:11,2386,35.31215,51.17558,4G,1423,393,43211,42221,23131918,4G,-79,-10,1423,1423
2022-05-27 19:20:14,2386,35.31227,51.17558,4G,1423,393,43211,42221,23131918,4G,-82,-10.5,1423,1423
2022-05-27 19:20:17,2386,35.31248,51.17553,4G,1423,393,43211,42221,23131918,4G,-86.3,-11,1423,1423
2022-05-27 19:20:20,2386,35.3127,51.17549,4G,1423,393,43211,42221,23131918,4G,-84.7,-12,1423,1423
2022-05-27 19:20:23,2386,35.31296,51.17548,4G,1423,393,43211,42221,23131918,4G,-84.3,-11.3,1423,1423
2022-05-27 19:20:26,2386,35.31323,51.17545,4G,1423,394,43211,42221,23131908,4G,-81.3,-10.3,1423,1423
2022-05-27 19:20:29,2386,35.3135,51.17543,4G,1423,394,43211,42221,23131908,4G,-79.5,-9,1423,1423
2022-05-27 19:20:32,2386,35.31378,51.17542,4G,1423,394,43211,42221,23131908,4G,-80.8,-8.2,1423,1423
2022-05-27 19:20:35,2386,35.3141,51.17539,4G,1423,394,43211,42221,23131908,4G,-76,-8,1423,1423
2022-05-27 19:20:38,2386,35.31441,51.17541,4G,1423,394,43211,42221,23131908,4G,-72,-7.8,1423,1423
2022-05-27 19:20:41,2386,35.31471,51.17554,4G,1423,394,43211,42221,23131908,4G,-70.3,-6.5,1423,1423
2022-05-27 19:20:44,2386,35.31498,51.17568,4G,1423,394,43211,42221,23131908,4G,-68.5,-8,1423,1423
2022-05-27 19:20:47,2386,35.31511,51.17574,4G,1423,394,43211,42221,23131908,4G,-70.4,-7.9,1423,1423
2022-05-27 19:21:23,2386,35.31523,51.17579,4G,1423,394,43211,42221,23131908,4G,-70.5,-8.5,1423,1423
2022-05-27 19:21:26,2386,35.31543,51.17587,4G,1423,394,43211,42221,23131908,4G,-69.2,-6.5,1423,1423
2022-05-27 19:21:29,2386,35.31569,51.17597,4G,1423,394,43211,42221,23131908,4G,-72.4,-7.2,1423,1423
2022-05-27 19:21:32,2386,35.316,51.17608,4G,1423,394,43211,42221,23131908,4G,-77,-7.8,1423,1423
2022-05-27 19:21:35,2386,35.31634,51.17618,4G,1423,394,43211,42221,23131908,4G,-78.7,-8.3,1423,1423
2022-05-27 19:21:38,2386,35.31666,51.17626,4G,1423,394,43211,42221,23131908,4G,-79.6,-7.4,1423,1423
2022-05-27 19:21:41,2386,35.31696,51.17639,4G,1423,394,43211,42221,23131908,4G,-78.3,-9.3,1423,1423
2022-05-27 19:21:44,2386,35.31731,51.17659,4G,1423,394,43211,42221,23131908,4G,-77,-7.2,1423,1423
2022-05-27 19:21:47,2386,35.31773,51.17684,4G,1423,394,43211,42221,23131908,4G,-76.6,-7.8,1423,1423
2022-05-27 19:21:50,2386,35.31822,51.17714,4G,1423,394,43211,42221,23131908,4G,-79.7,-6.8,1423,1423
2022-05-27 19:21:53,2386,35.31873,51.17746,4G,1423,394,43211,42221,23131908,4G,-78.2,-7,1423,1423
2022-05-27 19:21:56,2386,35.31926,51.1778,4G,1423,394,43211,42221,23131908,4G,-77.5,-9.3,1423,1423
2022-05-27 19:21:59,2386,35.31982,51.17817,4G,1423,394,43211,42221,23131908,4G,-79.7,-8.5,1423,1423
2022-05-27 19:22:02,2386,35.32039,51.17855,4G,1423,394,43211,42221,23131908,4G,-80,-8.8,1423,1423
2022-05-27 19:22:05,2386,35.32097,51.17894,4G,1423,394,43211,42221,23131908,4G,-78.2,-8.4,1423,1423
2022-05-27 19:22:08,2386,35.32155,51.17933,4G,1423,394,43211,42221,23131908,4G,-80.3,-8.8,1423,1423
2022-05-27 19:22:11,2386,35.32213,51.17972,4G,1423,394,43211,42221,23131908,4G,-79.8,-6.8,1423,1423
2022-05-27 19:22:14,2386,35.32271,51.1801,4G,1423,394,43211,42221,23131908,4G,-80.2,-7.5,1423,1423
2022-05-27 19:22:17,2386,35.32329,51.1805,4G,1423,394,43211,42221,23131908,4G,-82.5,-9.8,1423,1423
2022-05-27 19:22:20,2386,35.32389,51.18091,4G,1423,394,43211,42221,23131908,4G,-80.5,-8.7,1423,1423
2022-05-27 19:22:23,2386,35.32449,51.1813,4G,1423,394,43211,42221,23131908,4G,-85.8,-8.7,1423,1423
2022-05-27 19:22:26,2386,35.32507,51.18169,4G,1423,394,43211,42221,23131908,4G,-92.3,-8.2,1423,1423
2022-05-27 19:22:29,2386,35.32565,51.18207,4G,1423,394,43211,42221,23131908,4G,-90,-7.3,1423,1423
2022-05-27 19:22:32,2386,35.32621,51.18245,4G,1423,394,43211,42221,23131908,4G,-95.7,-8.8,1423,1423
2022-05-27 19:22:35,2386,35.32677,51.18283,4G,1423,394,43211,42221,23131908,4G,-99.2,-9.4,1423,1423
2022-05-27 19:22:38,2386,35.32734,51.18321,4G,1423,394,43211,42221,23131908,4G,-102.7,-10.3,1423,1423
2022-05-27 19:22:41,2386,35.32792,51.1836,4G,1423,394,43211,42221,23131908,4G,-103,-10.5,1423,1423
2022-05-27 19:22:44,2386,35.32853,51.184,4G,1423,394,43211,42221,23131908,4G,-100.2,-8.8,1423,1423
2022-05-27 19:22:47,2386,35.32913,51.18441,4G,1423,394,43211,42221,23131908,4G,-98.5,-8.7,1423,1423
2022-05-27 19:22:50,2386,35.32973,51.18481,4G,1423,394,43211,42221,23131908,4G,-99,-10,1423,1423
2022-05-27 19:22:53,2386,35.33033,51.18521,4G,1423,394,43211,42221,23131908,4G,-98.3,-9.8,1423,1423
2022-05-27 19:22:56,2386,35.33092,51.18561,4G,1423,394,43211,42221,23131908,4G,-94.4,-8.8,1423,1423
2022-05-27 19:22:59,2386,35.3315,51.18599,4G,1423,394,43211,42221,23131908,4G,-94.8,-9.5,1423,1423
2022-05-27 19:23:02,2386,35.33208,51.18638,4G,1423,394,43211,42221,23131908,4G,-93,-8,1423,1423
2022-05-27 19:23:05,2386,35.33264,51.18674,4G,1423,394,43211,42221,23131908,4G,-89.2,-8.2,1423,1423
2022-05-27 19:23:08,2386,35.33321,51.18709,4G,1423,394,43211,42221,23131908,4G,-93,-9.2,1423,1423
2022-05-27 19:23:11,2386,35.33377,51.18743,4G,1423,394,43211,42221,23131908,4G,-93.4,-9,1423,1423
2022-05-27 19:23:14,2386,35.33434,51.18777,4G,1423,394,43211,42221,23131908,4G,-93.3,-9.8,1423,1423
2022-05-27 19:23:17,2386,35.33493,51.18812,4G,1423,394,43211,42221,23131908,4G,-93.3,-9.5,1423,1423
2022-05-27 19:23:20,2386,35.33556,51.18847,4G,1423,394,43211,42221,23131908,4G,-94.7,-7.5,1423,1423
2022-05-27 19:23:23,2386,35.33619,51.18882,4G,1423,495,43211,42221,23388933,4G,-94.3,-8.3,1423,1423
2022-05-27 19:23:26,2386,35.33681,51.18915,4G,1423,495,43211,42221,23388933,4G,-92,-9.5,1423,1423
2022-05-27 19:23:29,2386,35.33743,51.18947,4G,1423,346,43211,42221,23357957,4G,-92,-9.7,1423,1423
2022-05-27 19:23:32,2386,35.33807,51.18979,4G,1423,346,43211,42221,23357957,4G,-96,-10.7,1423,1423
2022-05-27 19:23:35,2386,35.33872,51.19011,4G,1423,495,43211,42221,23388933,4G,-101.7,-13,1423,1423
2022-05-27 19:23:38,2386,35.33937,51.19041,4G,1423,495,43211,42221,23388933,4G,-97.5,-9,1423,1423
2022-05-27 19:23:41,2386,35.34002,51.19071,4G,1423,495,43211,42221,23388933,4G,-100.5,-10.8,1423,1423
2022-05-27 19:23:44,2386,35.34065,51.19099,4G,1423,495,43211,42221,23388933,4G,-98.3,-10.2,1423,1423
2022-05-27 19:23:47,2386,35.34132,51.19127,4G,1423,495,43211,42221,23388933,4G,-97,-9.5,1423,1423
2022-05-27 19:23:50,2386,35.34198,51.19153,4G,1423,495,43211,42221,23388933,4G,-93.7,-8.3,1423,1423
2022-05-27 19:23:53,2386,35.34263,51.19179,4G,1423,495,43211,42221,23388933,4G,-98.4,-9,1423,1423
2022-05-27 19:23:56,2386,35.34329,51.19205,4G,1423,495,43211,42221,23388933,4G,-95,-9,1423,1423
2022-05-27 19:23:59,2386,35.34391,51.19229,4G,1423,495,43211,42221,23388933,4G,-93.3,-10,1423,1423
2022-05-27 19:24:02,2386,35.34446,51.19248,4G,1423,495,43211,42221,23388933,4G,-93.2,-7.7,1423,1423
2022-05-27 19:24:05,2386,35.34494,51.19265,4G,1423,495,43211,42221,23388933,4G,-94,-9,1423,1423
2022-05-27 19:24:08,2386,35.34528,51.19278,4G,1423,495,43211,42221,23388933,4G,-92.5,-9,1423,1423
2022-05-27 19:24:11,2386,35.34544,51.19286,4G,1423,495,43211,42221,23388933,4G,-87.1,-7.9,1423,1423
2022-05-27 19:27:03,2386,35.34567,51.19289,4G,1423,495,43211,42221,23388933,4G,-84,-8.3,1423,1423
2022-05-27 19:27:06,2386,35.34601,51.19299,4G,1423,495,43211,42221,23388933,4G,-90,-8.2,1423,1423
2022-05-27 19:27:09,2386,35.34638,51.19309,4G,1423,495,43211,42221,23388933,4G,-95.5,-8.5,1423,1423
2022-05-27 19:27:11,2386,35.34668,51.19318,4G,1423,495,43211,42221,23388933,4G,-95.7,-9.3,1423,1423
2022-05-27 19:27:15,2386,35.3473,51.19336,4G,1423,495,43211,42221,23388933,4G,-95,-7.5,1423,1423
2022-05-27 19:27:18,2386,35.34783,51.1935,4G,1423,495,43211,42221,23388933,4G,-95.5,-8.5,1423,1423
2022-05-27 19:27:20,2386,35.34819,51.19359,4G,1423,495,43211,42221,23388933,4G,-93,-9,1423,1423
2022-05-27 19:27:24,2386,35.34891,51.19378,4G,1423,495,43211,42221,23388933,4G,-94.7,-9,1423,1423
2022-05-27 19:27:27,2386,35.34945,51.19391,4G,1423,495,43211,42221,23388933,4G,-98.5,-12,1423,1423
2022-05-27 19:27:30,2386,35.34999,51.19403,4G,1423,495,43211,42221,23388933,4G,-103.2,-13.7,1423,1423
2022-05-27 19:27:33,2386,35.35053,51.19415,4G,1423,74,43211,42221,23632646,4G,-99,-13,1423,1423
2022-05-27 19:27:36,2386,35.35108,51.19427,4G,1423,497,43211,42221,23388934,4G,-101,-11,1423,1423
2022-05-27 19:27:39,2386,35.35163,51.19438,4G,1423,497,43211,42221,23388934,4G,-91.7,-11.7,1423,1423
2022-05-27 19:27:41,2386,35.35198,51.19445,4G,1423,74,43211,42221,23632646,4G,-99.5,-13.5,1423,1423
2022-05-27 19:27:45,2386,35.35269,51.19458,4G,1423,74,43211,42221,23632646,4G,-94,-10,1423,1423
2022-05-27 19:27:48,2386,35.35322,51.19466,4G,1423,74,43211,42221,23632646,4G,-90,-9.3,1423,1423
2022-05-27 19:27:51,2386,35.35372,51.19475,4G,1423,74,43211,42221,23632646,4G,-94,-9,1423,1423
2022-05-27 19:27:54,2386,35.3542,51.19481,4G,1423,74,43211,42221,23632646,4G,-85.7,-8.7,1423,1423
2022-05-27 19:27:57,2386,35.35468,51.19488,4G,1423,74,43211,42221,23632646,4G,-84.3,-8,1423,1423
2022-05-27 19:28:00,2386,35.35513,51.19495,4G,1423,74,43211,42221,23632646,4G,-83.3,-7.3,1423,1423
2022-05-27 19:28:03,2386,35.35559,51.195,4G,1423,74,43211,42221,23632646,4G,-84.2,-9,1423,1423
2022-05-27 19:28:06,2386,35.35601,51.19505,4G,1423,74,43211,42221,23632646,4G,-83.3,-9.3,1423,1423
2022-05-27 19:28:09,2386,35.35644,51.19508,4G,1423,497,43211,42221,23388934,4G,-84.7,-10.7,1423,1423
2022-05-27 19:28:12,2386,35.35693,51.19511,4G,1423,497,43211,42221,23388934,4G,-82,-9,1423,1423
2022-05-27 19:28:15,2386,35.35748,51.19517,4G,1423,74,43211,42221,23632646,4G,-82.7,-8.3,1423,1423
2022-05-27 19:28:18,2386,35.35806,51.19522,4G,1423,74,43211,42221,23632646,4G,-83,-8.2,1423,1423
2022-05-27 19:28:21,2386,35.35864,51.19526,4G,1423,497,43211,42221,23388934,4G,-85,-14.3,1423,1423
2022-05-27 19:28:24,2386,35.35921,51.19528,4G,1423,74,43211,42221,23632646,4G,-81.7,-10,1423,1423
2022-05-27 19:28:27,2386,35.35979,51.19532,4G,1423,74,43211,42221,23632646,4G,-81.7,-9.3,1423,1423
2022-05-27 19:28:30,2386,35.3604,51.19535,4G,1423,74,43211,42221,23632646,4G,-89.7,-11.7,1423,1423
2022-05-27 19:28:33,2386,35.36102,51.19537,4G,1423,74,43211,42221,23632646,4G,-86.8,-11.2,1423,1423
2022-05-27 19:28:36,2386,35.36164,51.19538,4G,1423,74,43211,42221,23632646,4G,-83,-8,1423,1423
2022-05-27 19:28:39,2386,35.36229,51.1954,4G,1423,439,43211,42221,23387910,4G,-81.7,-11.5,1423,1423
2022-05-27 19:28:42,2386,35.36295,51.19542,4G,1423,439,43211,42221,23387910,4G,-80.3,-12,1423,1423
2022-05-27 19:28:45,2386,35.36364,51.19543,4G,1423,439,43211,42221,23387910,4G,-75.3,-11.3,1423,1423
2022-05-27 19:28:48,2386,35.36435,51.19545,4G,1423,439,43211,42221,23387910,4G,-71.2,-7.2,1423,1423
2022-05-27 19:28:51,2386,35.36508,51.19548,4G,1423,439,43211,42221,23387910,4G,-77.3,-8.3,1423,1423
2022-05-27 19:28:54,2386,35.36584,51.1955,4G,1423,439,43211,42221,23387910,4G,-70.5,-4.5,1423,1423
2022-05-27 19:28:57,2386,35.3666,51.19553,4G,1423,439,43211,42221,23387910,4G,-73.6,-8,1423,1423
2022-05-27 19:29:00,2386,35.36737,51.19557,4G,1423,439,43211,42221,23387910,4G,-64.4,-7.2,1423,1423
2022-05-27 19:29:03,2386,35.36814,51.19561,4G,1423,439,43211,42221,23387910,4G,-65.5,-8,1423,1423
2022-05-27 19:29:06,2386,35.36887,51.19565,4G,1423,76,43211,42221,23632644,4G,-76,-9.3,1423,1423
2022-05-27 19:29:09,2386,35.36957,51.1957,4G,1423,76,43211,42221,23632644,4G,-74.7,-8.2,1423,1423
2022-05-27 19:29:12,2386,35.37025,51.19576,4G,1423,39,43211,42221,23388420,4G,-75,-11.2,1423,1423
2022-05-27 19:29:15,2386,35.37095,51.19581,4G,1423,76,43211,42221,23632644,4G,-81.3,-13.3,1423,1423
2022-05-27 19:29:18,2386,35.37167,51.19588,4G,1423,76,43211,42221,23632644,4G,-77.8,-10.7,1423,1423
2022-05-27 19:29:21,2386,35.3724,51.19597,4G,1423,76,43211,42221,23632644,4G,-80,-10.3,1423,1423
2022-05-27 19:29:24,2386,35.37312,51.19606,4G,1423,76,43211,42221,23632644,4G,-79,-11.7,1423,1423
2022-05-27 19:29:27,2386,35.37383,51.19616,4G,1423,76,43211,42221,23632644,4G,-80.5,-11,1423,1423
2022-05-27 19:29:30,2386,35.37452,51.19626,4G,1423,76,43211,42221,23632644,4G,-84.7,-14.3,1423,1423
2022-05-27 19:29:33,2386,35.37521,51.19636,4G,1423,76,43211,42221,23632644,4G,-83.3,-12,1423,1423
2022-05-27 19:29:36,2386,35.37591,51.19647,4G,1423,76,43211,42221,23632644,4G,-83.5,-12.2,1423,1423
2022-05-27 19:29:39,2386,35.37663,51.1966,4G,1423,39,43211,42221,23388420,4G,-88,-13.8,1423,1423
2022-05-27 19:29:42,2386,35.37737,51.19675,4G,1423,76,43211,42221,23632644,4G,-84.2,-11.5,1423,1423
2022-05-27 19:29:45,2386,35.37812,51.19691,4G,1423,76,43211,42221,23632644,4G,-83.7,-11.7,1423,1423
2022-05-27 19:29:48,2386,35.37888,51.19708,4G,1423,76,43211,42221,23632644,4G,-86.7,-11.5,1423,1423
2022-05-27 19:29:51,2386,35.37962,51.19725,4G,1423,76,43211,42221,23632644,4G,-83,-11,1423,1423
2022-05-27 19:29:54,2386,35.38033,51.19741,4G,1423,76,43211,42221,23632644,4G,-86,-11.3,1423,1423
2022-05-27 19:29:57,2386,35.38101,51.19757,4G,1423,76,43211,42221,23632644,4G,-86.3,-12.3,1423,1423
2022-05-27 19:30:00,2386,35.38171,51.19774,4G,1423,76,43211,42221,23632644,4G,-93,-15,1423,1423
2022-05-27 19:30:03,2386,35.38242,51.19793,4G,1423,76,43211,42221,23632644,4G,-91.2,-15.7,1423,1423
2022-05-27 19:30:06,2386,35.38314,51.19812,4G,1423,497,43211,42221,23388934,4G,-87,-13,1423,1423
2022-05-27 19:30:09,2386,35.38385,51.19832,4G,1423,497,43211,42221,23388934,4G,-84.5,-10.5,1423,1423
2022-05-27 19:30:12,2386,35.38457,51.19853,4G,1423,497,43211,42221,23388934,4G,-85,-9.5,1423,1423
2022-05-27 19:30:15,2386,35.38531,51.19875,4G,1423,497,43211,42221,23388934,4G,-89,-13,1423,1423
2022-05-27 19:30:18,2386,35.38603,51.19897,4G,1423,497,43211,42221,23388934,4G,-91,-13,1423,1423
2022-05-27 19:30:21,2386,35.38676,51.19922,4G,1423,76,43211,42221,23632644,4G,-93,-14.7,1423,1423
2022-05-27 19:30:24,2386,35.38748,51.19946,4G,1423,76,43211,42221,23632644,4G,-92,-15.5,1423,1423
2022-05-27 19:30:27,2386,35.38817,51.19968,4G,1423,501,43211,42221,23660804,4G,-96,-18,1423,1423
2022-05-27 19:30:30,2386,35.38884,51.19989,4G,1423,501,43211,42221,23660804,4G,-93,-14.7,1423,1423
2022-05-27 19:30:33,2386,35.38952,51.2001,4G,1423,501,43211,42221,23660804,4G,-93,-14,1423,1423
2022-05-27 19:30:36,2386,35.39022,51.20032,4G,1423,501,43211,42221,23660804,4G,-91.2,-13.3,1423,1423
2022-05-27 19:30:39,2386,35.39096,51.20055,4G,1423,501,43211,42221,23660804,4G,-91.3,-12,1423,1423
2022-05-27 19:30:42,2386,35.3917,51.20077,4G,1423,501,43211,42221,23660804,4G,-94.8,-14.8,1423,1423
2022-05-27 19:30:45,2386,35.39247,51.20099,4G,1423,501,43211,42221,23660804,4G,-95,-16,1423,1423
2022-05-27 19:30:48,2386,35.39323,51.20119,4G,1423,501,43211,42221,23660804,4G,-94,-15.7,1423,1423
2022-05-27 19:30:51,2386,35.39398,51.20137,4G,1423,501,43211,42221,23660804,4G,-95.8,-17,1423,1423
2022-05-27 19:30:54,2386,35.39472,51.20155,4G,1423,76,43211,42221,23632644,4G,-97,-16,1423,1423
2022-05-27 19:30:57,2386,35.39545,51.20171,4G,1423,76,43211,42221,23632644,4G,-92.8,-13.8,1423,1423
2022-05-27 19:31:00,2386,35.3962,51.20186,4G,1423,501,43211,42221,23660804,4G,-91.3,-12.7,1423,1423
2022-05-27 19:31:03,2386,35.39694,51.20201,4G,1423,501,43211,42221,23660804,4G,-92,-13,1423,1423
2022-05-27 19:31:06,2386,35.39768,51.20215,4G,1423,501,43211,42221,23660804,4G,-89.2,-11.3,1423,1423
2022-05-27 19:31:09,2386,35.39842,51.20227,4G,1423,501,43211,42221,23660804,4G,-92.2,-11.7,1423,1423
2022-05-27 19:31:12,2386,35.39915,51.20238,4G,1423,501,43211,42221,23660804,4G,-88.3,-11.5,1423,1423
2022-05-27 19:31:15,2386,35.39987,51.20248,4G,1423,501,43211,42221,23660804,4G,-86.5,-10.8,1423,1423
2022-05-27 19:31:18,2386,35.40057,51.20257,4G,1423,501,43211,42221,23660804,4G,-92.4,-12.8,1423,1423
2022-05-27 19:31:21,2386,35.40126,51.20266,4G,1423,501,43211,42221,23660804,4G,-97.8,-14.5,1423,1423
2022-05-27 19:31:24,2386,35.40194,51.20273,4G,1423,51,43211,42221,23679238,4G,-103.3,-19.7,1423,1423
2022-05-27 19:31:27,2386,35.4026,51.20279,4G,1423,51,43211,42221,23679238,4G,-95,-14,1423,1423
2022-05-27 19:31:30,2386,35.40325,51.20285,4G,1423,501,43211,42221,23660804,4G,-95,-14,1423,1423
2022-05-27 19:31:33,2386,35.40387,51.2029,4G,1423,501,43211,42221,23660804,4G,-102.3,-15.7,1423,1423
2022-05-27 19:31:36,2386,35.40446,51.20293,4G,1423,501,43211,42221,23660804,4G,-97,-10.5,1423,1423
2022-05-27 19:31:39,2386,35.40503,51.20295,4G,1423,501,43211,42221,23660804,4G,-93.3,-10.7,1423,1423
2022-05-27 19:31:42,2386,35.4056,51.20298,4G,1423,501,43211,42221,23660804,4G,-99.3,-11.3,1423,1423
2022-05-27 19:31:45,2386,35.40619,51.203,4G,1423,501,43211,42221,23660804,4G,-99.5,-11.5,1423,1423
2022-05-27 19:31:48,2386,35.40681,51.20302,4G,1423,501,43211,42221,23660804,4G,-102.3,-13.5,1423,1423
2022-05-27 19:31:51,2386,35.40744,51.20303,4G,1423,501,43211,42221,23660804,4G,-103,-14.8,1423,1423
2022-05-27 19:31:54,2386,35.40808,51.20303,4G,1423,501,43211,42221,23660804,4G,-104,-16,1423,1423
2022-05-27 19:31:57,2386,35.40875,51.20302,4G,1423,303,43211,42221,23411206,4G,-99.5,-13.5,1423,1423
2022-05-27 19:32:00,2386,35.40942,51.20301,4G,1423,303,43211,42221,23411206,4G,-99.8,-14.8,1423,1423
2022-05-27 19:32:03,2386,35.41007,51.20298,4G,1423,303,43211,42221,23411206,4G,-100,-15,1423,1423
2022-05-27 19:32:06,2386,35.41072,51.20296,4G,1423,303,43211,42221,23411206,4G,-98.3,-13.8,1423,1423
2022-05-27 19:32:09,2386,35.41138,51.20292,4G,1423,303,43211,42221,23411206,4G,-97.5,-14,1423,1423
2022-05-27 19:32:12,2386,35.41204,51.20288,4G,1423,303,43211,42221,23411206,4G,-100,-13.3,1423,1423
2022-05-27 19:32:15,2386,35.41266,51.20283,4G,1423,303,43211,42221,23411206,4G,-103.2,-18.2,1423,1423
2022-05-27 19:32:18,2386,35.41323,51.20279,4G,1423,303,43211,42221,23411206,4G,-103.3,-18.2,1423,1423
2022-05-27 19:32:21,2386,35.41379,51.20273,4G,1423,303,43211,42221,23411206,4G,-99.8,-15.8,1423,1423
2022-05-27 19:32:24,2386,35.41436,51.20268,4G,1423,303,43211,42221,23411206,4G,-100.8,-15.5,1423,1423
2022-05-27 19:32:27,2386,35.41495,51.20262,4G,1423,76,43211,42221,23632644,4G,-99.5,-16,1423,1423
2022-05-27 19:32:30,2386,35.41557,51.20255,4G,1423,76,43211,42221,23632644,4G,-103,-17,1423,1423
2022-05-27 19:32:33,2386,35.4162,51.20249,4G,1423,303,43211,42221,23411206,4G,-107,-21.5,1423,1423
2022-05-27 19:32:36,2386,35.41683,51.20243,4G,1423,313,43211,42221,23328518,4G,-103.7,-17.7,1423,1423
2022-05-27 19:32:39,2386,35.41746,51.20236,4G,1423,313,43211,42221,23328518,4G,-101.7,-15.3,1423,1423
2022-05-27 19:32:42,2386,35.41809,51.20229,4G,1423,313,43211,42221,23328518,4G,-100.3,-14.3,1423,1423
2022-05-27 19:32:45,2386,35.41874,51.20223,4G,1423,313,43211,42221,23328518,4G,-99.3,-14,1423,1423
2022-05-27 19:32:48,2386,35.41939,51.20217,4G,1423,313,43211,42221,23328518,4G,-96,-12.3,1423,1423
2022-05-27 19:32:51,2386,35.42005,51.2021,4G,1423,313,43211,42221,23328518,4G,-95.8,-12.5,1423,1423
2022-05-27 19:32:54,2386,35.42072,51.20204,4G,1423,313,43211,42221,23328518,4G,-97,-14,1423,1423
2022-05-27 19:32:57,2386,35.42137,51.20197,4G,1423,313,43211,42221,23328518,4G,-97.8,-13.7,1423,1423
2022-05-27 19:33:00,2386,35.42201,51.20192,4G,1423,313,43211,42221,23328518,4G,-92.7,-12.3,1423,1423
2022-05-27 19:33:03,2386,35.42264,51.20189,4G,1423,313,43211,42221,23328518,4G,-90.8,-11.8,1423,1423
2022-05-27 19:33:06,2386,35.42326,51.20185,4G,1423,312,43211,42221,23328517,4G,-91,-12.8,1423,1423
2022-05-27 19:33:09,2386,35.42388,51.20183,4G,1423,312,43211,42221,23328517,4G,-87,-10,1423,1423
2022-05-27 19:33:12,2386,35.4245,51.20183,4G,1423,312,43211,42221,23328517,4G,-82,-7.7,1423,1423
2022-05-27 19:33:15,2386,35.42514,51.20183,4G,1423,312,43211,42221,23328517,4G,-79.3,-9,1423,1423
2022-05-27 19:33:18,2386,35.42578,51.20185,4G,1423,312,43211,42221,23328517,4G,-73.5,-8.5,1423,1423
2022-05-27 19:33:21,2386,35.42643,51.20186,4G,1423,312,43211,42221,23328517,4G,-69.2,-7,1423,1423
2022-05-27 19:33:24,2386,35.42708,51.2019,4G,1423,312,43211,42221,23328517,4G,-65.8,-7,1423,1423
2022-05-27 19:33:27,2386,35.42768,51.20193,4G,1423,312,43211,42221,23328517,4G,-61,-8,1423,1423
2022-05-27 19:33:30,2386,35.42822,51.20197,4G,1423,312,43211,42221,23328517,4G,-61.8,-8.5,1423,1423
2022-05-27 19:33:33,2386,35.42878,51.20203,4G,1423,314,43211,42221,23328516,4G,-69.5,-8,1423,1423
2022-05-27 19:33:36,2386,35.42937,51.20209,4G,1423,314,43211,42221,23328516,4G,-72.2,-8.3,1423,1423
2022-05-27 19:33:39,2386,35.42998,51.20217,4G,1423,314,43211,42221,23328516,4G,-63.2,-9.2,1423,1423
2022-05-27 19:33:42,2386,35.43059,51.20225,4G,1423,314,43211,42221,23328516,4G,-62.8,-8.4,1423,1423
2022-05-27 19:33:45,2386,35.43122,51.20235,4G,1423,314,43211,42221,23328516,4G,-60.2,-8.5,1423,1423
2022-05-27 19:33:48,2386,35.43186,51.20246,4G,1423,314,43211,42221,23328516,4G,-68.4,-9.6,1423,1423
2022-05-27 19:33:51,2386,35.43253,51.20257,4G,1423,314,43211,42221,23328516,4G,-80,-9.7,1423,1423
2022-05-27 19:33:54,2386,35.43317,51.2027,4G,1423,314,43211,42221,23328516,4G,-82,-8,1423,1423
2022-05-27 19:33:57,2386,35.43382,51.20285,4G,1423,314,43211,42221,23328516,4G,-80.6,-8.6,1423,1423
2022-05-27 19:34:00,2386,35.43446,51.20299,4G,1423,314,43211,42221,23328516,4G,-80.2,-9.2,1423,1423
2022-05-27 19:34:03,2386,35.43511,51.20313,4G,1423,314,43211,42221,23328516,4G,-84.2,-8.7,1423,1423
2022-05-27 19:34:06,2386,35.43578,51.20331,4G,1423,314,43211,42221,23328516,4G,-78.8,-8.5,1423,1423
2022-05-27 19:34:09,2386,35.43648,51.20352,4G,1423,314,43211,42221,23328516,4G,-78.2,-8.3,1423,1423
2022-05-27 19:34:12,2386,35.43716,51.20373,4G,1423,314,43211,42221,23328516,4G,-78,-7.5,1423,1423
2022-05-27 19:34:15,2386,35.43781,51.20393,4G,1423,314,43211,42221,23328516,4G,-81.2,-8.4,1423,1423
2022-05-27 19:34:18,2386,35.43849,51.20416,4G,1423,314,43211,42221,23328516,4G,-89.7,-9.3,1423,1423
2022-05-27 19:34:21,2386,35.43918,51.20442,4G,1423,314,43211,42221,23328516,4G,-89.5,-10.3,1423,1423
2022-05-27 19:34:24,2386,35.43986,51.20468,4G,1423,314,43211,42221,23328516,4G,-94.8,-10,1423,1423
2022-05-27 19:34:27,2386,35.44055,51.20496,4G,1423,314,43211,42221,23328516,4G,-93.2,-10,1423,1423
2022-05-27 19:34:30,2386,35.44126,51.20526,4G,1423,314,43211,42221,23328516,4G,-91.3,-10.3,1423,1423
2022-05-27 19:34:33,2386,35.44198,51.20558,4G,1423,314,43211,42221,23328516,4G,-104.3,-20.3,1423,1423
2022-05-27 19:34:36,2386,35.44269,51.20592,4G,1423,314,43211,42221,23328516,4G,-101.3,-17.7,1423,1423
2022-05-27 19:34:39,2386,35.44338,51.20625,4G,1423,314,43211,42221,23328516,4G,-100.3,-14.3,1423,1423
2022-05-27 19:34:42,2386,35.44407,51.2066,4G,1423,314,43211,42221,23328516,4G,-99.3,-12.2,1423,1423
2022-05-27 19:34:45,2386,35.44478,51.20697,4G,1423,314,43211,42221,23328516,4G,-97.3,-10.7,1423,1423
2022-05-27 19:34:48,2386,35.44548,51.20736,4G,1423,314,43211,42221,23328516,4G,-99.7,-13.3,1423,1423
2022-05-27 19:34:51,2386,35.44616,51.20776,4G,1423,124,43211,42221,23449605,4G,-101,-16.4,1423,1423
2022-05-27 19:34:54,2386,35.44684,51.20817,4G,1423,335,43211,42221,23491846,4G,-92,-13.2,1423,1423
2022-05-27 19:34:57,2386,35.44752,51.20858,4G,1423,335,43211,42221,23491846,4G,-90.2,-8.6,1423,1423
2022-05-27 19:35:00,2386,35.4482,51.20902,4G,1423,335,43211,42221,23491846,4G,-90,-8.8,1423,1423
2022-05-27 19:35:03,2386,35.44889,51.20949,4G,1423,335,43211,42221,23491846,4G,-91.5,-11.3,1423,1423
2022-05-27 19:35:06,2386,35.44955,51.20995,4G,1423,335,43211,42221,23491846,4G,-93.3,-11.2,1423,1423
2022-05-27 19:35:09,2386,35.45021,51.21043,4G,1423,335,43211,42221,23491846,4G,-94,-12,1423,1423
2022-05-27 19:35:12,2386,35.45087,51.21091,4G,1423,335,43211,42221,23491846,4G,-95.3,-9.8,1423,1423
2022-05-27 19:35:15,2386,35.45152,51.21142,4G,1423,124,43211,42221,23449605,4G,-99.6,-14,1423,1423
2022-05-27 19:35:18,2386,35.45214,51.21193,4G,1423,314,43211,42221,23328516,4G,-97.4,-12.6,1423,1423
2022-05-27 19:35:21,2386,35.45276,51.21243,4G,1423,314,43211,42221,23328516,4G,-96.7,-13.2,1423,1423
2022-05-27 19:35:24,2386,35.45339,51.21298,4G,1423,314,43211,42221,23328516,4G,-101.7,-13,1423,1423
2022-05-27 19:35:27,2386,35.45403,51.21353,4G,1423,124,43211,42221,23449605,4G,-104.8,-15.7,1423,1423
2022-05-27 19:35:30,2386,35.45465,51.21409,4G,1423,124,43211,42221,23449605,4G,-96.3,-11.3,1423,1423
2022-05-27 19:35:33,2386,35.45528,51.21468,4G,1423,124,43211,42221,23449605,4G,-97,-11,1423,1423
2022-05-27 19:35:36,2386,35.45589,51.21528,4G,1423,124,43211,42221,23449605,4G,-102,-12.6,1423,1423
2022-05-27 19:35:39,2386,35.45652,51.21591,4G,1423,124,43211,42221,23449605,4G,-101,-14,1423,1423
2022-05-27 19:35:42,2386,35.45713,51.21655,4G,1423,124,43211,42221,23449605,4G,-98,-12.7,1423,1423
2022-05-27 19:35:45,2386,35.45773,51.21719,4G,1423,124,43211,42221,23449605,4G,-98.3,-13,1423,1423
2022-05-27 19:35:48,2386,35.45834,51.21786,4G,1423,124,43211,42221,23449605,4G,-97.3,-12,1423,1423
2022-05-27 19:35:51,2386,35.45895,51.21856,4G,1423,124,43211,42221,23449605,4G,-97.3,-10.7,1423,1423
2022-05-27 19:35:54,2386,35.45955,51.21928,4G,1423,124,43211,42221,23449605,4G,-94.8,-10.2,1423,1423
2022-05-27 19:35:57,2386,35.46014,51.22,4G,1423,124,43211,42221,23449605,4G,-96,-8.8,1423,1423
2022-05-27 19:36:00,2386,35.46072,51.22074,4G,1423,124,43211,42221,23449605,4G,-94,-9,1423,1423
2022-05-27 19:36:03,2386,35.46128,51.22147,4G,1423,124,43211,42221,23449605,4G,-96.3,-11,1423,1423
2022-05-27 19:36:06,2386,35.46182,51.22221,4G,1423,124,43211,42221,23449605,4G,-97.8,-10.5,1423,1423
2022-05-27 19:36:09,2386,35.46233,51.22293,4G,1423,124,43211,42221,23449605,4G,-94.5,-9.3,1423,1423
2022-05-27 19:36:12,2386,35.46279,51.2236,4G,1423,124,43211,42221,23449605,4G,-93.3,-10,1423,1423
2022-05-27 19:36:15,2386,35.46322,51.22425,4G,1423,124,43211,42221,23449605,4G,-94,-12.2,1423,1423
2022-05-27 19:36:18,2386,35.46363,51.22488,4G,1423,124,43211,42221,23449605,4G,-96,-9,1423,1423
2022-05-27 19:36:21,2386,35.46406,51.22555,4G,1423,124,43211,42221,23449605,4G,-98,-12,1423,1423
2022-05-27 19:36:24,2386,35.46448,51.22622,4G,1423,124,43211,42221,23449605,4G,-97.5,-11.8,1423,1423
2022-05-27 19:36:27,2386,35.4649,51.2269,4G,1423,124,43211,42221,23449605,4G,-91.2,-9.8,1423,1423
2022-05-27 19:36:30,2386,35.46534,51.2276,4G,1423,124,43211,42221,23449605,4G,-89.6,-9.6,1423,1423
2022-05-27 19:36:33,2386,35.4658,51.22832,4G,1423,124,43211,42221,23449605,4G,-86.8,-9.2,1423,1423
2022-05-27 19:36:36,2386,35.46627,51.22905,4G,1423,124,43211,42221,23449605,4G,-87,-8,1423,1423
2022-05-27 19:36:39,2386,35.46673,51.22975,4G,1423,124,43211,42221,23449605,4G,-85.8,-8.5,1423,1423
2022-05-27 19:36:42,2386,35.46721,51.23044,4G,1423,124,43211,42221,23449605,4G,-80.3,-7.3,1423,1423
2022-05-27 19:36:46,2386,35.46782,51.23128,4G,1423,124,43211,42221,23449605,4G,-82,-7.6,1423,1423
2022-05-27 19:36:48,2386,35.46823,51.23184,4G,1423,124,43211,42221,23449605,4G,-85.5,-7.5,1423,1423
2022-05-27 19:36:51,2386,35.46876,51.23254,4G,1423,124,43211,42221,23449605,4G,-87.5,-8,1423,1423
2022-05-27 19:36:54,2386,35.46927,51.2332,4G,1423,124,43211,42221,23449605,4G,-82.3,-8.8,1423,1423
2022-05-27 19:36:57,2386,35.46978,51.23382,4G,525,124,43211,42221,23449622,4G,-77.8,-8.2,525,525
2022-05-27 19:37:00,2386,35.47026,51.2344,4G,525,124,43211,42221,23449622,4G,-78.8,-8.3,525,525
2022-05-27 19:37:03,2386,35.47075,51.23495,4G,525,124,43211,42221,23449622,4G,-75.3,-8.3,525,525
2022-05-27 19:37:06,2386,35.47124,51.2355,4G,525,124,43211,42221,23449622,4G,-76.8,-6.3,525,525
2022-05-27 19:37:09,2386,35.47174,51.23606,4G,525,124,43211,42221,23449622,4G,-73,-8.5,525,525
2022-05-27 19:37:12,2386,35.47228,51.23662,4G,525,124,43211,42221,23449622,4G,-70,-8,525,525
2022-05-27 19:37:15,2386,35.47284,51.23719,4G,525,124,43211,42221,23449622,4G,-64.7,-8.7,525,525
2022-05-27 19:37:18,2386,35.47341,51.23775,4G,525,124,43211,42221,23449622,4G,-66.4,-8.4,525,525
2022-05-27 19:37:21,2386,35.47399,51.2383,4G,525,124,43211,42221,23449622,4G,-69.2,-7.5,525,525
2022-05-27 19:37:24,2386,35.47459,51.23886,4G,525,123,43211,42221,23449621,4G,-79.3,-8.8,525,525
2022-05-27 19:37:27,2386,35.47521,51.23941,4G,525,123,43211,42221,23449621,4G,-75.5,-7.5,525,525
2022-05-27 19:37:30,2386,35.47583,51.23994,4G,525,123,43211,42221,23449621,4G,-77.8,-6.8,525,525
2022-05-27 19:37:33,2386,35.47642,51.24046,4G,525,123,43211,42221,23449621,4G,-83,-9.5,525,525
2022-05-27 19:37:36,2386,35.47701,51.24097,4G,525,123,43211,42221,23449621,4G,-86.3,-9.5,525,525
2022-05-27 19:37:39,2386,35.47764,51.24145,4G,525,123,43211,42221,23449621,4G,-87,-8,525,525
2022-05-27 19:37:42,2386,35.47828,51.24191,4G,525,123,43211,42221,23449621,4G,-89.7,-11.7,525,525
2022-05-27 19:37:45,2386,35.47886,51.24233,4G,525,58,43211,42221,23128343,4G,-103,-14.3,525,525
2022-05-27 19:37:48,2386,35.47944,51.24274,4G,525,58,43211,42221,23128343,4G,-103.6,-12,525,525
2022-05-27 19:37:51,2386,35.48005,51.24317,4G,525,58,43211,42221,23128343,4G,-104.2,-13.2,525,525
2022-05-27 19:37:54,2386,35.48066,51.24362,4G,525,58,43211,42221,23128343,4G,-105,-15,525,525
2022-05-27 19:37:57,2386,35.48127,51.24407,4G,525,58,43211,42221,23128343,4G,-99.3,-12.5,525,525
2022-05-27 19:38:00,2386,35.4819,51.24452,4G,525,123,43211,42221,23449621,4G,-103.3,-13,525,525
2022-05-27 19:38:03,2386,35.48254,51.24499,4G,525,123,43211,42221,23449621,4G,-93.3,-10.8,525,525
2022-05-27 19:38:06,2386,35.48319,51.24548,4G,525,123,43211,42221,23449621,4G,-103.3,-13,525,525
2022-05-27 19:38:09,2386,35.48384,51.24599,4G,525,123,43211,42221,23449621,4G,-96.8,-9.8,525,525
2022-05-27 19:38:12,2386,35.48448,51.24651,4G,525,123,43211,42221,23449621,4G,-97.8,-11.5,525,525
2022-05-27 19:38:15,2386,35.48513,51.24703,4G,525,123,43211,42221,23449621,4G,-97.2,-10.8,525,525
2022-05-27 19:38:18,2386,35.48575,51.24755,4G,525,123,43211,42221,23449621,4G,-99.5,-12.5,525,525
2022-05-27 19:38:21,2386,35.48637,51.2481,4G,525,123,43211,42221,23449621,4G,-102.3,-13.7,525,525
2022-05-27 19:38:24,2386,35.48697,51.24864,4G,525,123,43211,42221,23449621,4G,-102.7,-11.8,525,525
2022-05-27 19:38:27,2386,35.48754,51.24917,4G,525,123,43211,42221,23449621,4G,-104.5,-12,525,525
2022-05-27 19:38:30,2386,35.4881,51.24972,4G,525,123,43211,42221,23449621,4G,-107,-13.3,525,525
2022-05-27 19:38:33,2386,35.48864,51.25027,4G,525,123,43211,42221,23449621,4G,-108.7,-15,525,525
2022-05-27 19:38:36,2386,35.48915,51.25079,4G,525,123,43211,42221,23449621,4G,-100.8,-12,525,525
2022-05-27 19:38:39,2386,35.48965,51.25131,4G,525,123,43211,42221,23449621,4G,-103.2,-12.2,525,525
2022-05-27 19:38:42,2386,35.49016,51.25186,4G,525,123,43211,42221,23449621,4G,-103.3,-10.7,525,525
2022-05-27 19:38:45,2386,35.4907,51.25245,4G,525,123,43211,42221,23449621,4G,-101.6,-11.6,525,525
2022-05-27 19:38:48,2386,35.49124,51.25308,4G,525,123,43211,42221,23449621,4G,-106.7,-13.7,525,525
2022-05-27 19:38:51,2386,35.4918,51.25375,4G,1423,123,43211,42221,23449604,4G,-110.5,-15.5,1423,1423
2022-05-27 19:38:54,2386,35.49235,51.25446,4G,1423,123,43211,42221,23449604,4G,-94.7,-11.2,1423,1423
2022-05-27 19:38:57,2386,35.4929,51.2552,4G,1423,123,43211,42221,23449604,4G,-93.5,-10,1423,1423
2022-05-27 19:39:00,2386,35.49344,51.25595,4G,1423,123,43211,42221,23449604,4G,-97.5,-12,1423,1423
2022-05-27 19:39:03,2386,35.49397,51.25669,4G,1423,123,43211,42221,23449604,4G,-94.5,-12.5,1423,1423
2022-05-27 19:39:06,2386,35.49446,51.25738,4G,1423,123,43211,42221,23449604,4G,-91.3,-10.5,1423,1423
2022-05-27 19:39:09,2386,35.49493,51.25806,4G,1423,123,43211,42221,23449604,4G,-92.2,-10.5,1423,1423
2022-05-27 19:39:12,2386,35.4954,51.25876,4G,1423,123,43211,42221,23449604,4G,-97,-12,1423,1423
2022-05-27 19:39:15,2386,35.49586,51.2595,4G,1423,123,43211,42221,23449604,4G,-101.2,-13.4,1423,1423
2022-05-27 19:39:18,2386,35.49631,51.26028,4G,1423,123,43211,42221,23449604,4G,-100.4,-12.8,1423,1423
2022-05-27 19:39:21,2386,35.49676,51.26106,4G,1423,123,43211,42221,23449604,4G,-100.5,-12.3,1423,1423
2022-05-27 19:39:24,2386,35.4972,51.26188,4G,1423,123,43211,42221,23449604,4G,-101.3,-16.3,1423,1423
2022-05-27 19:39:27,2386,35.49765,51.26273,4G,1423,34,43211,42221,23405573,4G,-100,-16.5,1423,1423
2022-05-27 19:39:30,2386,35.4981,51.2636,4G,1423,58,43211,42221,23128326,4G,-95.3,-14.2,1423,1423
2022-05-27 19:39:33,2386,35.49855,51.2645,4G,1423,58,43211,42221,23128326,4G,-93,-11.2,1423,1423
2022-05-27 19:39:36,2386,35.49898,51.26541,4G,1423,58,43211,42221,23128326,4G,-92.7,-11,1423,1423
2022-05-27 19:39:39,2386,35.4994,51.26633,4G,1423,58,43211,42221,23128326,4G,-94.7,-10.7,1423,1423
2022-05-27 19:39:42,2386,35.4998,51.26725,4G,1423,58,43211,42221,23128326,4G,-96.5,-11.5,1423,1423
2022-05-27 19:39:45,2386,35.50018,51.26816,4G,1423,58,43211,42221,23128326,4G,-95.8,-12.3,1423,1423
2022-05-27 19:39:48,2386,35.50053,51.26905,4G,1423,58,43211,42221,23128326,4G,-92,-11.5,1423,1423
2022-05-27 19:39:51,2386,35.50086,51.26995,4G,1423,58,43211,42221,23128326,4G,-92.3,-11,1423,1423
2022-05-27 19:39:54,2386,35.50118,51.27085,4G,1423,58,43211,42221,23128326,4G,-96.3,-11.5,1423,1423
2022-05-27 19:39:57,2386,35.50149,51.27175,4G,1423,58,43211,42221,23128326,4G,-96.3,-13,1423,1423
2022-05-27 19:40:00,2386,35.50179,51.27266,4G,1423,58,43211,42221,23128326,4G,-90,-11,1423,1423
2022-05-27 19:40:03,2386,35.50207,51.27357,4G,1423,58,43211,42221,23128326,4G,-92,-12,1423,1423
2022-05-27 19:40:06,2386,35.50234,51.27448,4G,1423,58,43211,42221,23128326,4G,-92.5,-11,1423,1423
2022-05-27 19:40:09,2386,35.50259,51.2754,4G,1423,58,43211,42221,23128326,4G,-92.4,-10.2,1423,1423
2022-05-27 19:40:12,2386,35.50282,51.27633,4G,1423,58,43211,42221,23128326,4G,-95,-9.3,1423,1423
2022-05-27 19:40:15,2386,35.50307,51.27728,4G,1423,58,43211,42221,23128326,4G,-93.7,-10,1423,1423
2022-05-27 19:40:18,2386,35.50332,51.27826,4G,1423,58,43211,42221,23128326,4G,-90.7,-10.3,1423,1423
2022-05-27 19:40:21,2386,35.50359,51.27927,4G,1423,58,43211,42221,23128326,4G,-84.6,-6.6,1423,1423
2022-05-27 19:40:24,2386,35.50387,51.28028,4G,1423,58,43211,42221,23128326,4G,-89,-9.8,1423,1423
2022-05-27 19:40:27,2386,35.50414,51.28131,4G,1423,58,43211,42221,23128326,4G,-81,-8,1423,1423
2022-05-27 19:40:30,2386,35.50443,51.2823,4G,1423,58,43211,42221,23128326,4G,-80.3,-8,1423,1423
2022-05-27 19:40:33,2386,35.50473,51.28327,4G,1423,58,43211,42221,23128326,4G,-83.7,-8.7,1423,1423
2022-05-27 19:40:36,2386,35.50504,51.28426,4G,1423,58,43211,42221,23128326,4G,-91.2,-10,1423,1423
2022-05-27 19:40:39,2386,35.50538,51.28524,4G,1423,58,43211,42221,23128326,4G,-86.5,-10,1423,1423
2022-05-27 19:40:42,2386,35.50572,51.28622,4G,1423,57,43211,42221,23128324,4G,-89.5,-12.5,1423,1423
2022-05-27 19:40:45,2386,35.50607,51.28716,4G,1423,57,43211,42221,23128324,4G,-89.7,-11,1423,1423
2022-05-27 19:40:48,2386,35.50642,51.28805,4G,1423,57,43211,42221,23128324,4G,-82.2,-8.8,1423,1423
2022-05-27 19:40:51,2386,35.50677,51.28892,4G,1423,57,43211,42221,23128324,4G,-80.7,-10,1423,1423
2022-05-27 19:40:54,2386,35.5071,51.28972,4G,1423,57,43211,42221,23128324,4G,-84,-9,1423,1423
2022-05-27 19:40:57,2386,35.50745,51.2905,4G,1423,57,43211,42221,23128324,4G,-76.8,-8.2,1423,1423
2022-05-27 19:41:00,2386,35.5078,51.29129,4G,1423,57,43211,42221,23128324,4G,-80,-9.2,1423,1423
2022-05-27 19:41:03,2386,35.50819,51.29208,4G,1423,57,43211,42221,23128324,4G,-77.7,-10,1423,1423
2022-05-27 19:41:06,2386,35.50859,51.29289,4G,1423,57,43211,42221,23128324,4G,-78.5,-8.5,1423,1423
2022-05-27 19:41:09,2386,35.50901,51.29371,4G,1423,57,43211,42221,23128324,4G,-83.4,-8.4,1423,1423
2022-05-27 19:41:12,2386,35.50941,51.29446,4G,1423,57,43211,42221,23128324,4G,-88.3,-10.8,1423,1423
2022-05-27 19:41:15,2386,35.50977,51.29516,4G,1423,57,43211,42221,23128324,4G,-82,-10,1423,1423
2022-05-27 19:41:18,2386,35.51012,51.29583,4G,1423,57,43211,42221,23128324,4G,-84.3,-11,1423,1423
2022-05-27 19:41:21,2386,35.51052,51.2965,4G,1423,57,43211,42221,23128324,4G,-73.8,-9.2,1423,1423
2022-05-27 19:41:24,2386,35.51094,51.2972,4G,1423,57,43211,42221,23128324,4G,-76.6,-8.6,1423,1423
2022-05-27 19:41:27,2386,35.51136,51.29792,4G,1423,57,43211,42221,23128324,4G,-76.8,-8.8,1423,1423
2022-05-27 19:41:30,2386,35.51179,51.29863,4G,1423,57,43211,42221,23128324,4G,-84.3,-10,1423,1423
2022-05-27 19:41:33,2386,35.51224,51.29932,4G,1423,57,43211,42221,23128324,4G,-85.5,-13,1423,1423
2022-05-27 19:41:36,2386,35.51271,51.3,4G,1423,57,43211,42221,23128324,4G,-85.3,-10.2,1423,1423
2022-05-27 19:41:39,2386,35.5132,51.30071,4G,1423,57,43211,42221,23128324,4G,-88,-10.3,1423,1423
2022-05-27 19:41:42,2386,35.51369,51.30142,4G,1423,57,43211,42221,23128324,4G,-89,-10.3,1423,1423
2022-05-27 19:41:45,2386,35.51418,51.30211,4G,1423,57,43211,42221,23128324,4G,-93.2,-11.5,1423,1423
2022-05-27 19:41:48,2386,35.5147,51.3028,4G,1423,119,43211,42221,23763726,4G,-89.5,-11,1423,1423
2022-05-27 19:41:51,2386,35.5152,51.30345,4G,1423,119,43211,42221,23763726,4G,-86.7,-10,1423,1423
2022-05-27 19:41:54,2386,35.51568,51.30407,4G,1423,119,43211,42221,23763726,4G,-86.8,-10.7,1423,1423
2022-05-27 19:41:57,2386,35.51616,51.3047,4G,1423,119,43211,42221,23763726,4G,-74.5,-7.5,1423,1423
2022-05-27 19:42:00,2386,35.51664,51.30533,4G,1423,119,43211,42221,23763726,4G,-76,-7.5,1423,1423
2022-05-27 19:42:03,2386,35.51713,51.30596,4G,1423,119,43211,42221,23763726,4G,-78,-7.8,1423,1423
2022-05-27 19:42:06,2386,35.51763,51.3066,4G,1423,119,43211,42221,23763726,4G,-77.5,-7.5,1423,1423
2022-05-27 19:42:09,2386,35.51812,51.30725,4G,1423,119,43211,42221,23763726,4G,-81.5,-9,1423,1423
2022-05-27 19:42:12,2386,35.5186,51.30792,4G,1423,119,43211,42221,23763726,4G,-90,-11.7,1423,1423
2022-05-27 19:42:15,2386,35.51908,51.30859,4G,1423,119,43211,42221,23763726,4G,-84.7,-9.7,1423,1423
2022-05-27 19:42:18,2386,35.51955,51.30927,4G,1423,114,43211,42221,23763716,4G,-79.8,-11.5,1423,1423
2022-05-27 19:42:21,2386,35.52005,51.31,4G,1423,114,43211,42221,23763716,4G,-82.4,-9.2,1423,1423
2022-05-27 19:42:24,2386,35.52054,51.31076,4G,1423,114,43211,42221,23763716,4G,-82.5,-7.8,1423,1423
2022-05-27 19:42:27,2386,35.52103,51.31157,4G,1423,114,43211,42221,23763716,4G,-82.7,-9,1423,1423
2022-05-27 19:42:30,2386,35.5215,51.31241,4G,1423,114,43211,42221,23763716,4G,-73.7,-11.3,1423,1423
2022-05-27 19:42:33,2386,35.52198,51.31327,4G,1423,114,43211,42221,23763716,4G,-69.7,-8.8,1423,1423
2022-05-27 19:42:36,2386,35.52246,51.31414,4G,1423,114,43211,42221,23763716,4G,-71.7,-8.5,1423,1423
2022-05-27 19:42:39,2386,35.52292,51.31503,4G,1423,114,43211,42221,23763716,4G,-78.3,-9.5,1423,1423
2022-05-27 19:42:42,2386,35.52335,51.31589,4G,1423,114,43211,42221,23763716,4G,-83.2,-9.2,1423,1423
2022-05-27 19:42:45,2386,35.52377,51.31678,4G,1423,114,43211,42221,23763716,4G,-87.5,-9.2,1423,1423
2022-05-27 19:42:48,2386,35.52417,51.31766,4G,1423,114,43211,42221,23763716,4G,-91.3,-9.8,1423,1423
2022-05-27 19:42:51,2386,35.52456,51.31854,4G,1423,114,43211,42221,23763716,4G,-98,-11,1423,1423
2022-05-27 19:42:54,2386,35.52494,51.31944,4G,1423,114,43211,42221,23763716,4G,-97.5,-10.8,1423,1423
2022-05-27 19:42:57,2386,35.5253,51.32036,4G,1423,114,43211,42221,23763716,4G,-94,-9.8,1423,1423
2022-05-27 19:43:00,2386,35.52566,51.3213,4G,1423,114,43211,42221,23763716,4G,-93.7,-10,1423,1423
2022-05-27 19:43:03,2386,35.52599,51.32221,4G,1423,114,43211,42221,23763716,4G,-89.3,-9.8,1423,1423
2022-05-27 19:43:06,2386,35.52629,51.32304,4G,1423,106,43211,42221,23408902,4G,-91.7,-12,1423,1423
2022-05-27 19:43:09,2386,35.52656,51.32377,4G,1423,114,43211,42221,23763716,4G,-100.2,-12.8,1423,1423
2022-05-27 19:43:12,2386,35.52682,51.32447,4G,1423,114,43211,42221,23763716,4G,-97,-12.5,1423,1423
2022-05-27 19:43:15,2386,35.52709,51.3252,4G,1423,114,43211,42221,23763716,4G,-92.7,-10.3,1423,1423
2022-05-27 19:43:18,2386,35.52736,51.32596,4G,1423,114,43211,42221,23763716,4G,-101.3,-12.3,1423,1423
2022-05-27 19:43:21,2386,35.52763,51.32672,4G,1423,114,43211,42221,23763716,4G,-106,-15,1423,1423
2022-05-27 19:43:24,2386,35.52791,51.32751,4G,1423,106,43211,42221,23408902,4G,-108.7,-17.7,1423,1423
2022-05-27 19:43:27,2386,35.52821,51.32834,4G,1423,106,43211,42221,23408902,4G,-104.2,-14.7,1423,1423
2022-05-27 19:43:30,2386,35.52851,51.32917,4G,1423,106,43211,42221,23408902,4G,-105.7,-16,1423,1423
2022-05-27 19:43:33,2386,35.52881,51.33,4G,1423,134,43211,42221,23398662,4G,-104,-16.3,1423,1423
2022-05-27 19:43:36,2386,35.52911,51.3308,4G,1423,106,43211,42221,23408902,4G,-100,-12.7,1423,1423
2022-05-27 19:43:39,2386,35.52939,51.33157,4G,1423,106,43211,42221,23408902,4G,-95.8,-11.2,1423,1423
2022-05-27 19:47:48,2386,35.55857,51.36622,4G,1423,122,43211,42221,23299590,4G,-76.8,-8,1423,1423
2022-05-27 19:47:51,2386,35.55908,51.36644,4G,1423,122,43211,42221,23299590,4G*,-76.8*,-8.0*,1423,1423
2022-05-27 19:47:51,2386,35.55908,51.36644,4G,1423,122,43211,42221,23299590,4G,-84.3,-14,1423,1423
2022-05-27 19:47:54,2386,35.55948,51.36662,4G,1423,122,43211,42221,23299590,4G*,-84.3*,-14.0*,1423,1423
2022-05-27 19:47:54,2386,35.55948,51.36662,4G,1423,122,43211,42221,23299590,4G,-84.3,-11.2,1423,1423
2022-05-27 19:47:57,2386,35.55986,51.36677,4G,1423,122,43211,42221,23299590,4G*,-84.3*,-11.2*,1423,1423
2022-05-27 19:47:57,2386,35.55986,51.36677,4G,1423,122,43211,42221,23299590,4G,-85.8,-12.5,1423,1423
2022-05-27 19:48:00,2386,35.56017,51.36691,4G,1423,122,43211,42221,23299590,4G*,-85.8*,-12.5*,1423,1423
2022-05-27 19:48:00,2386,35.56017,51.36691,4G,1423,122,43211,42221,23299590,4G,-80.4,-10.2,1423,1423
2022-05-27 19:48:03,2386,35.56043,51.36702,4G,1423,122,43211,42221,23299590,4G*,-80.4*,-10.2*,1423,1423
2022-05-27 19:48:03,2386,35.56043,51.36702,4G,1423,122,43211,42221,23299590,4G,-80.8,-14.3,1423,1423
2022-05-27 19:48:06,2386,35.56061,51.3671,4G,1423,122,43211,42221,23299590,4G*,-80.8*,-14.3*,1423,1423
2022-05-27 19:48:06,2386,35.56061,51.3671,4G,1423,122,43211,42221,23299590,4G,-80.8,-10.7,1423,1423
2022-05-27 19:48:09,2386,35.56076,51.36716,4G,1423,122,43211,42221,23299590,4G*,-80.8*,-10.7*,1423,1423
2022-05-27 19:48:09,2386,35.56076,51.36716,4G,1423,122,43211,42221,23299590,4G,-81.3,-11.3,1423,1423
2022-05-27 19:48:12,2386,35.5609,51.36723,4G,1423,122,43211,42221,23299590,4G*,-81.3*,-11.3*,1423,1423
2022-05-27 19:48:12,2386,35.5609,51.36723,4G,1423,122,43211,42221,23299590,4G,-81.8,-11.2,1423,1423
2022-05-27 19:48:15,2386,35.56107,51.3673,4G,1423,122,43211,42221,23299590,4G*,-81.8*,-11.2*,1423,1423
2022-05-27 19:48:15,2386,35.56107,51.3673,4G,1423,122,43211,42221,23299590,4G,-78.5,-10,1423,1423
2022-05-27 19:48:18,2386,35.56121,51.36736,4G,1423,122,43211,42221,23299590,4G*,-78.5*,-10.0*,1423,1423
2022-05-27 19:48:18,2386,35.56121,51.36736,4G,1423,122,43211,42221,23299590,4G,-80,-11,1423,1423
2022-05-27 19:48:27,2386,35.56135,51.36741,4G,1423,122,43211,42221,23299590,4G*,-80.0*,-11.0*,1423,1423
2022-05-27 19:48:27,2386,35.56135,51.36741,4G,1423,122,43211,42221,23299590,4G,-84.7,-13.3,1423,1423
2022-05-27 19:48:45,2386,35.5615,51.36749,4G,1423,122,43211,42221,23299590,4G*,-84.7*,-13.3*,1423,1423
2022-05-27 19:48:45,2386,35.5615,51.36749,4G,1423,122,43211,42221,23299590,4G,-82,-12.5,1423,1423
2022-05-27 19:48:48,2386,35.56168,51.36757,4G,1423,122,43211,42221,23299590,4G,-76,-9,1423,1423
2022-05-27 19:48:48,2386,35.56168,51.36757,4G,1423,122,43211,42221,23299590,4G,-77.3,-10.9,1423,1423
2022-05-27 19:48:57,2386,35.5618,51.36762,4G,1423,122,43211,42221,23299590,4G*,-77.3*,-10.9*,1423,1423
2022-05-27 19:48:57,2386,35.5618,51.36762,4G,1423,122,43211,42221,23299590,4G,-76.2,-10.2,1423,1423
2022-05-27 19:49:03,2386,35.56199,51.36771,4G,1423,122,43211,42221,23299590,4G*,-76.2*,-10.2*,1423,1423
2022-05-27 19:49:03,2386,35.56199,51.36771,4G,1423,122,43211,42221,23299590,4G,-80.6,-10.2,1423,1423
2022-05-27 19:49:06,2386,35.56211,51.36776,4G,1423,122,43211,42221,23299590,4G*,-80.6*,-10.2*,1423,1423
2022-05-27 19:49:06,2386,35.56211,51.36776,4G,1423,122,43211,42221,23299590,4G,-74.4,-9.4,1423,1423
2022-05-27 19:49:09,2386,35.56226,51.36783,4G,1423,122,43211,42221,23299590,4G*,-74.4*,-9.4*,1423,1423
2022-05-27 19:49:09,2386,35.56226,51.36783,4G,1423,122,43211,42221,23299590,4G,-80,-10.2,1423,1423
2022-05-27 19:49:12,2386,35.56244,51.3679,4G,1423,122,43211,42221,23299590,4G*,-80.0*,-10.2*,1423,1423
2022-05-27 19:49:12,2386,35.56244,51.3679,4G,1423,122,43211,42221,23299590,4G,-77,-10.2,1423,1423
2022-05-27 19:49:15,2386,35.56262,51.36798,4G,1423,122,43211,42221,23299590,4G*,-77.0*,-10.2*,1423,1423
2022-05-27 19:49:15,2386,35.56262,51.36798,4G,1423,122,43211,42221,23299590,4G,-78.5,-10.5,1423,1423
2022-05-27 19:49:18,2386,35.5628,51.36806,4G,1423,122,43211,42221,23299590,4G*,-78.5*,-10.5*,1423,1423
2022-05-27 19:49:18,2386,35.5628,51.36806,4G,1423,122,43211,42221,23299590,4G,-79.8,-11.3,1423,1423
2022-05-27 19:49:21,2386,35.563,51.36815,4G,1423,122,43211,42221,23299590,4G*,-79.8*,-11.3*,1423,1423
2022-05-27 19:49:21,2386,35.563,51.36815,4G,1423,122,43211,42221,23299590,4G,-84.2,-12.3,1423,1423
2022-05-27 19:49:24,2386,35.56322,51.36825,4G,1423,122,43211,42221,23299590,4G*,-84.2*,-12.3*,1423,1423
2022-05-27 19:49:24,2386,35.56322,51.36825,4G,1423,122,43211,42221,23299590,4G,-86,-13.5,1423,1423
2022-05-27 19:49:27,2386,35.56341,51.36833,4G,1423,122,43211,42221,23299590,4G*,-86.0*,-13.5*,1423,1423
2022-05-27 19:49:30,2386,35.56355,51.36839,4G,1423,122,43211,42221,23299590,4G*,-86.0*,-13.5*,1423,1423
2022-05-27 19:49:30,2386,35.56355,51.36839,4G,1423,122,43211,42221,23299590,4G,-77.7,-10.8,1423,1423
2022-05-27 19:49:33,2386,35.5637,51.36846,4G,1423,122,43211,42221,23299590,4G*,-77.7*,-10.8*,1423,1423
2022-05-27 19:49:33,2386,35.5637,51.36846,4G,1423,122,43211,42221,23299590,4G,-83.8,-10.3,1423,1423
2022-05-27 19:49:36,2386,35.56387,51.36853,4G,1423,122,43211,42221,23299590,4G*,-83.8*,-10.3*,1423,1423
2022-05-27 19:49:36,2386,35.56387,51.36853,4G,1423,122,43211,42221,23299590,4G,-85.3,-13,1423,1423
2022-05-27 19:49:39,2386,35.56401,51.36859,4G,1423,122,43211,42221,23299590,4G*,-85.3*,-13.0*,1423,1423
2022-05-27 19:49:39,2386,35.56401,51.36859,4G,1423,122,43211,42221,23299590,4G,-79.9,-10.4,1423,1423
2022-05-27 19:49:45,2386,35.56424,51.3687,4G,1423,122,43211,42221,23299590,4G,-80,-10,1423,1423
2022-05-27 19:49:45,2386,35.56424,51.3687,4G,1423,122,43211,42221,23299590,4G,-79.4,-10.8,1423,1423
2022-05-27 19:50:06,2386,35.56442,51.36879,4G,1423,122,43211,42221,23299590,4G*,-79.4*,-10.8*,1423,1423
2022-05-27 19:50:06,2386,35.56442,51.36879,4G,1423,122,43211,42221,23299590,4G,-85,-13.8,1423,1423
2022-05-27 19:50:09,2386,35.5646,51.36886,4G,1423,122,43211,42221,23299590,4G,-77,-9,1423,1423
2022-05-27 19:50:09,2386,35.5646,51.36886,4G,1423,122,43211,42221,23299590,4G,-77.2,-10,1423,1423
2022-05-27 19:50:12,2386,35.56478,51.36894,4G,1423,122,43211,42221,23299590,4G*,-77.2*,-10.0*,1423,1423
2022-05-27 19:50:12,2386,35.56478,51.36894,4G,1423,122,43211,42221,23299590,4G,-86.5,-14.3,1423,1423
2022-05-27 19:50:15,2386,35.56499,51.36903,4G,1423,122,43211,42221,23299590,4G*,-86.5*,-14.3*,1423,1423
2022-05-27 19:50:15,2386,35.56499,51.36903,4G,1423,122,43211,42221,23299590,4G,-86,-13.3,1423,1423
2022-05-27 19:50:18,2386,35.56524,51.36915,4G,1423,122,43211,42221,23299590,4G*,-86.0*,-13.3*,1423,1423
2022-05-27 19:50:18,2386,35.56524,51.36915,4G,1423,122,43211,42221,23299590,4G,-76.8,-10.3,1423,1423
2022-05-27 19:50:21,2386,35.5655,51.36926,4G,1423,122,43211,42221,23299590,4G*,-76.8*,-10.3*,1423,1423
2022-05-27 19:50:21,2386,35.5655,51.36926,4G,1423,122,43211,42221,23299590,4G,-74.2,-9.8,1423,1423
2022-05-27 19:50:24,2386,35.56574,51.36937,4G,1423,122,43211,42221,23299590,4G*,-74.2*,-9.8*,1423,1423
2022-05-27 19:50:24,2386,35.56574,51.36937,4G,1423,122,43211,42221,23299590,4G,-81.2,-10.2,1423,1423
2022-05-27 19:50:27,2386,35.56587,51.36942,4G,1423,122,43211,42221,23299590,4G*,-81.2*,-10.2*,1423,1423
2022-05-27 19:50:27,2386,35.56587,51.36942,4G,1423,122,43211,42221,23299590,4G,-78.2,-10.8,1423,1423
2022-05-27 19:50:33,2386,35.56605,51.3695,4G,1423,122,43211,42221,23299590,4G*,-78.2*,-10.8*,1423,1423
2022-05-27 19:50:33,2386,35.56605,51.3695,4G,1423,122,43211,42221,23299590,4G,-80.5,-10.7,1423,1423
2022-05-27 19:50:36,2386,35.5662,51.36957,4G,1423,122,43211,42221,23299590,4G*,-80.5*,-10.7*,1423,1423
2022-05-27 19:50:36,2386,35.5662,51.36957,4G,1423,122,43211,42221,23299590,4G,-84.8,-13.2,1423,1423
2022-05-27 19:50:39,2386,35.56635,51.36963,4G,1423,122,43211,42221,23299590,4G*,-84.8*,-13.2*,1423,1423
2022-05-27 19:50:39,2386,35.56635,51.36963,4G,1423,122,43211,42221,23299590,4G,-85,-11.4,1423,1423
2022-05-27 19:51:06,2386,35.56654,51.3697,4G,1423,122,43211,42221,23299590,4G*,-85.0*,-11.4*,1423,1423
2022-05-27 19:51:06,2386,35.56654,51.3697,4G,1423,122,43211,42221,23299590,4G,-90.3,-13.3,1423,1423
2022-05-27 19:51:09,2386,35.5667,51.36976,4G,1423,122,43211,42221,23299590,4G*,-90.3*,-13.3*,1423,1423
2022-05-27 19:51:09,2386,35.5667,51.36976,4G,1423,122,43211,42221,23299590,4G,-79.3,-11.7,1423,1423
2022-05-27 19:51:12,2386,35.56685,51.36983,4G,1423,122,43211,42221,23299590,4G*,-79.3*,-11.7*,1423,1423
2022-05-27 19:51:18,2386,35.56704,51.3699,4G,1423,122,43211,42221,23299590,4G*,-79.3*,-11.7*,1423,1423
2022-05-27 19:51:39,2386,35.56717,51.36995,4G,1423,122,43211,42221,23299590,4G*,-79.3*,-11.7*,1423,1423
2022-05-27 19:51:39,2386,35.56717,51.36995,4G,1423,122,43211,42221,23299590,4G,-85.2,-12.3,1423,1423
2022-05-27 19:51:45,2386,35.56744,51.37006,4G,1423,122,43211,42221,23299590,4G*,-85.2*,-12.3*,1423,1423
2022-05-27 19:51:45,2386,35.56744,51.37006,4G,1423,122,43211,42221,23299590,4G,-74.7,-10.2,1423,1423
2022-05-27 19:51:48,2386,35.56763,51.37013,4G,1423,122,43211,42221,23299590,4G*,-74.7*,-10.2*,1423,1423
2022-05-27 19:51:48,2386,35.56763,51.37013,4G,1423,122,43211,42221,23299590,4G,-78.5,-11.8,1423,1423
2022-05-27 19:51:51,2386,35.56786,51.37022,4G,1423,122,43211,42221,23299590,4G*,-78.5*,-11.8*,1423,1423
2022-05-27 19:51:51,2386,35.56786,51.37022,4G,1423,122,43211,42221,23299590,4G,-92.5,-19,1423,1423
2022-05-27 19:51:54,2386,35.56811,51.37031,4G,1423,122,43211,42221,23299590,4G*,-92.5*,-19.0*,1423,1423
2022-05-27 19:51:54,2386,35.56811,51.37031,4G,1423,122,43211,42221,23299590,4G,-90.5,-18.5,1423,1423
2022-05-27 19:51:57,2386,35.56833,51.3704,4G,1423,122,43211,42221,23299590,4G*,-90.5*,-18.5*,1423,1423
2022-05-27 19:51:57,2386,35.56833,51.3704,4G,1423,122,43211,42221,23299590,4G,-86.3,-14,1423,1423
2022-05-27 19:52:00,2386,35.56857,51.37048,4G,1423,122,43211,42221,23299590,4G*,-86.3*,-14.0*,1423,1423
2022-05-27 19:52:00,2386,35.56857,51.37048,4G,1423,122,43211,42221,23299590,4G,-84.8,-14.7,1423,1423
2022-05-27 19:52:03,2386,35.56881,51.37056,4G,1423,122,43211,42221,23299590,4G*,-84.8*,-14.7*,1423,1423
2022-05-27 19:52:03,2386,35.56881,51.37056,4G,1423,122,43211,42221,23299590,4G,-84.7,-15.7,1423,1423
2022-05-27 19:52:06,2386,35.56905,51.37065,4G,1423,122,43211,42221,23299590,4G*,-84.7*,-15.7*,1423,1423
2022-05-27 19:52:06,2386,35.56905,51.37065,4G,1423,122,43211,42221,23299590,4G,-84,-14,1423,1423
2022-05-27 19:52:09,2386,35.56927,51.37072,4G,1423,122,43211,42221,23299590,4G*,-84.0*,-14.0*,1423,1423
2022-05-27 19:52:09,2386,35.56927,51.37072,4G,1423,122,43211,42221,23299590,4G,-97.3,-21.3,1423,1423
2022-05-27 19:52:12,2386,35.56945,51.37078,4G,1423,122,43211,42221,23299590,4G*,-97.3*,-21.3*,1423,1423
2022-05-27 19:52:12,2386,35.56945,51.37078,4G,1423,122,43211,42221,23299590,4G,-95.5,-18.5,1423,1423
2022-05-27 19:52:15,2386,35.56957,51.37082,4G,1423,122,43211,42221,23299590,4G*,-95.5*,-18.5*,1423,1423
2022-05-27 19:52:15,2386,35.56957,51.37082,4G,1423,383,43211,42221,23163652,4G,-94.9,-17.3,1423,1423
2022-05-27 19:52:39,2386,35.56969,51.37086,4G,1423,383,43211,42221,23163652,4G*,-94.9*,-17.3*,1423,1423
2022-05-27 19:52:39,2386,35.56969,51.37086,4G,1423,383,43211,42221,23163652,4G,-90.7,-14,1423,1423
2022-05-27 19:52:45,2386,35.56987,51.37091,4G,1423,383,43211,42221,23163652,4G*,-90.7*,-14.0*,1423,1423
2022-05-27 19:52:45,2386,35.56987,51.37091,4G,1423,383,43211,42221,23163652,4G,-89,-13.3,1423,1423
2022-05-27 19:52:51,2386,35.57001,51.37096,4G,1423,383,43211,42221,23163652,4G*,-89.0*,-13.3*,1423,1423
2022-05-27 19:52:51,2386,35.57001,51.37096,4G,1423,122,43211,42221,23299590,4G,-90.1,-14.3,1423,1423
2022-05-27 19:53:06,2386,35.57016,51.371,4G,1423,122,43211,42221,23299590,4G*,-90.1*,-14.3*,1423,1423
2022-05-27 19:53:06,2386,35.57016,51.371,4G,1423,450,43211,42221,23223045,4G,-97.5,-22,1423,1423
2022-05-27 19:53:09,2386,35.57035,51.37107,4G,1423,450,43211,42221,23223045,4G*,-97.5*,-22.0*,1423,1423
2022-05-27 19:53:09,2386,35.57035,51.37107,4G,1423,450,43211,42221,23223045,4G,-88.5,-14,1423,1423
2022-05-27 19:53:12,2386,35.57055,51.37112,4G,1423,450,43211,42221,23223045,4G*,-88.5*,-14.0*,1423,1423
2022-05-27 19:53:15,2386,35.57076,51.37118,4G,1423,450,43211,42221,23223045,4G,-93.3,-17.3,1423,1423
2022-05-27 19:53:15,2386,35.57076,51.37118,4G,1423,450,43211,42221,23223045,4G,-92,-16.5,1423,1423
2022-05-27 19:53:18,2386,35.57095,51.37124,4G,1423,450,43211,42221,23223045,4G*,-92.0*,-16.5*,1423,1423
2022-05-27 19:53:18,2386,35.57095,51.37124,4G,1423,450,43211,42221,23223045,4G,-89,-15.5,1423,1423
2022-05-27 19:53:21,2386,35.5711,51.37128,4G,1423,450,43211,42221,23223045,4G*,-89.0*,-15.5*,1423,1423
2022-05-27 19:53:21,2386,35.5711,51.37128,4G,1423,450,43211,42221,23223045,4G,-90.4,-14.2,1423,1423
2022-05-27 19:53:33,2386,35.57125,51.37132,4G,1423,450,43211,42221,23223045,4G*,-90.4*,-14.2*,1423,1423
2022-05-27 19:53:33,2386,35.57125,51.37132,4G,1423,450,43211,42221,23223045,4G,-90.2,-13.8,1423,1423
2022-05-27 19:53:36,2386,35.57143,51.37137,4G,1423,450,43211,42221,23223045,4G*,-90.2*,-13.8*,1423,1423
2022-05-27 19:53:36,2386,35.57143,51.37137,4G,1423,450,43211,42221,23223045,4G,-89.3,-13.8,1423,1423
2022-05-27 19:53:39,2386,35.57163,51.37143,4G,1423,450,43211,42221,23223045,4G*,-89.3*,-13.8*,1423,1423
2022-05-27 19:53:39,2386,35.57163,51.37143,4G,1423,450,43211,42221,23223045,4G,-89.7,-14,1423,1423
2022-05-27 19:53:42,2386,35.57187,51.37148,4G,1423,450,43211,42221,23223045,4G*,-89.7*,-14.0*,1423,1423
2022-05-27 19:53:42,2386,35.57187,51.37148,4G,1423,450,43211,42221,23223045,4G,-92.8,-17.8,1423,1423
2022-05-27 19:53:45,2386,35.57209,51.37154,4G,1423,450,43211,42221,23223045,4G*,-92.8*,-17.8*,1423,1423
2022-05-27 19:53:45,2386,35.57209,51.37154,4G,1423,450,43211,42221,23223045,4G,-92,-16.5,1423,1423
2022-05-27 19:53:48,2386,35.57229,51.37159,4G,1423,450,43211,42221,23223045,4G*,-92.0*,-16.5*,1423,1423
2022-05-27 19:53:48,2386,35.57229,51.37159,4G,1423,450,43211,42221,23223045,4G,-91,-14.7,1423,1423
2022-05-27 19:53:51,2386,35.57245,51.37163,4G,1423,450,43211,42221,23223045,4G*,-91.0*,-14.7*,1423,1423
2022-05-27 19:53:51,2386,35.57245,51.37163,4G,1423,450,43211,42221,23223045,4G,-88,-13.7,1423,1423
2022-05-27 19:53:54,2386,35.57257,51.37166,4G,1423,450,43211,42221,23223045,4G*,-88.0*,-13.7*,1423,1423
2022-05-27 19:53:54,2386,35.57257,51.37166,4G,1423,450,43211,42221,23223045,4G,-88.1,-12.8,1423,1423
2022-05-27 19:54:21,2386,35.5727,51.37169,4G,1423,450,43211,42221,23223045,4G*,-88.1*,-12.8*,1423,1423
2022-05-27 19:54:21,2386,35.5727,51.37169,4G,1423,450,43211,42221,23223045,4G,-89.7,-15.3,1423,1423
2022-05-27 19:54:24,2386,35.57291,51.37174,4G,1423,450,43211,42221,23223045,4G*,-89.7*,-15.3*,1423,1423
2022-05-27 19:54:24,2386,35.57291,51.37174,4G,1423,450,43211,42221,23223045,4G,-86.2,-14.2,1423,1423
2022-05-27 19:54:27,2386,35.57307,51.37177,4G,1423,450,43211,42221,23223045,4G,-86,-14,1423,1423
2022-05-27 19:54:27,2386,35.57307,51.37177,4G,1423,450,43211,42221,23223045,4G,-85.5,-13.8,1423,1423
2022-05-27 19:54:30,2386,35.57325,51.37181,4G,1423,450,43211,42221,23223045,4G*,-85.5*,-13.8*,1423,1423
2022-05-27 19:54:30,2386,35.57325,51.37181,4G,1423,450,43211,42221,23223045,4G,-86.8,-13,1423,1423
2022-05-27 19:54:33,2386,35.57343,51.37185,4G,1423,450,43211,42221,23223045,4G*,-86.8*,-13.0*,1423,1423
2022-05-27 19:54:33,2386,35.57343,51.37185,4G,1423,450,43211,42221,23223045,4G,-88.3,-14.5,1423,1423
2022-05-27 19:54:36,2386,35.57366,51.3719,4G,1423,450,43211,42221,23223045,4G*,-88.3*,-14.5*,1423,1423
2022-05-27 19:54:36,2386,35.57366,51.3719,4G,1423,450,43211,42221,23223045,4G,-87,-13.3,1423,1423
2022-05-27 19:54:39,2386,35.57393,51.37196,4G,1423,450,43211,42221,23223045,4G*,-87.0*,-13.3*,1423,1423
2022-05-27 19:54:39,2386,35.57393,51.37196,4G,1423,450,43211,42221,23223045,4G,-85,-13.2,1423,1423
2022-05-27 19:54:42,2386,35.57424,51.37201,4G,1423,450,43211,42221,23223045,4G*,-85.0*,-13.2*,1423,1423
2022-05-27 19:54:42,2386,35.57424,51.37201,4G,1423,450,43211,42221,23223045,4G,-87,-14,1423,1423
2022-05-27 19:54:45,2386,35.57452,51.37207,4G,1423,450,43211,42221,23223045,4G*,-87.0*,-14.0*,1423,1423
2022-05-27 19:54:45,2386,35.57452,51.37207,4G,1423,450,43211,42221,23223045,4G,-88.5,-13.5,1423,1423
2022-05-27 19:54:48,2386,35.57476,51.37211,4G,1423,450,43211,42221,23223045,4G*,-88.5*,-13.5*,1423,1423
2022-05-27 19:54:48,2386,35.57476,51.37211,4G,1423,122,43211,42221,23299590,4G,-88.3,-13.3,1423,1423
2022-05-27 19:54:51,2386,35.57494,51.37214,4G,1423,122,43211,42221,23299590,4G*,-88.3*,-13.3*,1423,1423
2022-05-27 19:54:51,2386,35.57494,51.37214,4G,1423,122,43211,42221,23299590,4G,-92.8,-15,1423,1423
2022-05-27 19:54:54,2386,35.57507,51.37216,4G,1423,122,43211,42221,23299590,4G*,-92.8*,-15.0*,1423,1423
2022-05-27 19:54:54,2386,35.57507,51.37216,4G,1423,450,43211,42221,23223045,4G,-97.6,-19,1423,1423
2022-05-27 19:54:57,2386,35.5752,51.37218,4G,1423,450,43211,42221,23223045,4G*,-97.6*,-19.0*,1423,1423
2022-05-27 19:54:57,2386,35.5752,51.37218,4G,1423,450,43211,42221,23223045,4G,-89.3,-14,1423,1423
2022-05-27 19:55:03,2386,35.57531,51.3722,4G,1423,450,43211,42221,23223045,4G*,-89.3*,-14.0*,1423,1423
2022-05-27 19:55:03,2386,35.57531,51.3722,4G,1423,450,43211,42221,23223045,4G,-93.8,-14.3,1423,1423
2022-05-27 19:55:36,2386,35.57554,51.37222,4G,1423,450,43211,42221,23223045,4G*,-93.8*,-14.3*,1423,1423
2022-05-27 19:55:36,2386,35.57554,51.37222,4G,1423,450,43211,42221,23223045,4G,-91.5,-13,1423,1423
2022-05-27 19:55:39,2386,35.57575,51.37225,4G,1423,450,43211,42221,23223045,4G*,-91.5*,-13.0*,1423,1423
2022-05-27 19:55:39,2386,35.57575,51.37225,4G,1423,450,43211,42221,23223045,4G,-92.5,-14.5,1423,1423
2022-05-27 19:55:42,2386,35.57598,51.37229,4G,1423,450,43211,42221,23223045,4G*,-92.5*,-14.5*,1423,1423
2022-05-27 19:55:42,2386,35.57598,51.37229,4G,1423,450,43211,42221,23223045,4G,-91,-13,1423,1423
2022-05-27 19:55:45,2386,35.57619,51.37232,4G,1423,450,43211,42221,23223045,4G*,-91.0*,-13.0*,1423,1423
2022-05-27 19:55:45,2386,35.57619,51.37232,4G,1423,450,43211,42221,23223045,4G,-91.3,-13,1423,1423
2022-05-27 19:55:48,2386,35.57634,51.37234,4G,1423,450,43211,42221,23223045,4G*,-91.3*,-13.0*,1423,1423
2022-05-27 19:55:48,2386,35.57634,51.37234,4G,1423,450,43211,42221,23223045,4G,-93,-14,1423,1423
2022-05-27 19:55:51,2386,35.57647,51.37236,4G,1423,450,43211,42221,23223045,4G*,-93.0*,-14.0*,1423,1423
2022-05-27 19:55:51,2386,35.57647,51.37236,4G,1423,450,43211,42221,23223045,4G,-89.7,-13.3,1423,1423
2022-05-27 19:55:54,2386,35.57664,51.37238,4G,1423,450,43211,42221,23223045,4G*,-89.7*,-13.3*,1423,1423
2022-05-27 19:55:54,2386,35.57664,51.37238,4G,1423,450,43211,42221,23223045,4G,-88,-11,1423,1423
2022-05-27 19:55:57,2386,35.57684,51.37241,4G,1423,450,43211,42221,23223045,4G*,-88.0*,-11.0*,1423,1423
2022-05-27 19:55:57,2386,35.57684,51.37241,4G,1423,450,43211,42221,23223045,4G,-88.8,-12.8,1423,1423
2022-05-27 19:56:00,2386,35.57705,51.37243,4G,1423,450,43211,42221,23223045,4G*,-88.8*,-12.8*,1423,1423
2022-05-27 19:56:00,2386,35.57705,51.37243,4G,1423,450,43211,42221,23223045,4G,-86.7,-11.3,1423,1423
2022-05-27 19:56:03,2386,35.57727,51.37245,4G,1423,450,43211,42221,23223045,4G*,-86.7*,-11.3*,1423,1423
2022-05-27 19:56:03,2386,35.57727,51.37245,4G,1423,450,43211,42221,23223045,4G,-87,-11.3,1423,1423
2022-05-27 19:56:06,2386,35.57744,51.37247,4G,1423,450,43211,42221,23223045,4G,-86,-11,1423,1423
2022-05-27 19:56:06,2386,35.57744,51.37247,4G,1423,450,43211,42221,23223045,4G,-86.3,-11.8,1423,1423
2022-05-27 19:56:09,2386,35.57758,51.37248,4G,1423,450,43211,42221,23223045,4G*,-86.3*,-11.8*,1423,1423
2022-05-27 19:56:09,2386,35.57758,51.37248,4G,1423,450,43211,42221,23223045,4G,-87,-11.2,1423,1423
2022-05-27 19:56:12,2386,35.57771,51.37249,4G,1423,450,43211,42221,23223045,4G*,-87.0*,-11.2*,1423,1423
2022-05-27 19:56:12,2386,35.57771,51.37249,4G,1423,450,43211,42221,23223045,4G,-86.3,-11,1423,1423
2022-05-27 19:56:18,2386,35.57784,51.3725,4G,1423,450,43211,42221,23223045,4G*,-86.3*,-11.0*,1423,1423
2022-05-27 19:56:18,2386,35.57784,51.3725,4G,525,450,43211,42221,23223062,4G,-94.2,-13.5,525,525
2022-05-27 19:56:39,2386,35.57799,51.37251,4G,525,450,43211,42221,23223062,4G*,-94.2*,-13.5*,525,525
2022-05-27 19:56:39,2386,35.57799,51.37251,4G,525,450,43211,42221,23223062,4G,-94.3,-14.3,525,525
2022-05-27 19:56:42,2386,35.57816,51.37253,4G,525,450,43211,42221,23223062,4G*,-94.3*,-14.3*,525,525
2022-05-27 19:56:42,2386,35.57816,51.37253,4G,525,450,43211,42221,23223062,4G,-95,-12.5,525,525
2022-05-27 19:56:45,2386,35.57835,51.37255,4G,525,450,43211,42221,23223062,4G*,-95.0*,-12.5*,525,525
2022-05-27 19:56:45,2386,35.57835,51.37255,4G,525,450,43211,42221,23223062,4G,-97,-13,525,525
2022-05-27 19:56:48,2386,35.57854,51.37256,4G,525,450,43211,42221,23223062,4G,-99,-15,525,525
2022-05-27 19:56:48,2386,35.57854,51.37256,4G,525,450,43211,42221,23223062,4G,-98.5,-14.5,525,525
2022-05-27 19:56:51,2386,35.57866,51.37257,4G,525,450,43211,42221,23223062,4G*,-98.5*,-14.5*,525,525
2022-05-27 19:56:57,2386,35.57877,51.37257,4G,525,450,43211,42221,23223062,4G*,-98.5*,-14.5*,525,525
2022-05-27 19:57:30,2386,35.57892,51.37258,4G,525,450,43211,42221,23223062,4G*,-98.5*,-14.5*,525,525
2022-05-27 19:57:30,2386,35.57892,51.37258,4G,525,450,43211,42221,23223062,4G,-95.3,-13.7,525,525
2022-05-27 19:57:33,2386,35.5791,51.37259,4G,525,450,43211,42221,23223062,4G,-94,-12,525,525
2022-05-27 19:57:33,2386,35.5791,51.37259,4G,525,450,43211,42221,23223062,4G,-94,-12,525,525
2022-05-27 19:57:36,2386,35.57928,51.37261,4G,525,450,43211,42221,23223062,4G*,-94.0*,-12.0*,525,525
2022-05-27 19:57:36,2386,35.57928,51.37261,4G,525,450,43211,42221,23223062,4G,-93.9,-11.9,525,525
2022-05-27 19:57:40,2386,35.57956,51.37262,4G,525,450,43211,42221,23223062,4G*,-93.9*,-11.9*,525,525
2022-05-27 19:57:40,2386,35.57956,51.37262,4G,525,450,43211,42221,23223062,4G,-94.3,-12.3,525,525
2022-05-27 19:57:43,2386,35.5798,51.37263,4G,525,450,43211,42221,23223062,4G*,-94.3*,-12.3*,525,525
2022-05-27 19:57:43,2386,35.5798,51.37263,4G,525,450,43211,42221,23223062,4G,-87.5,-12,525,525
2022-05-27 19:57:46,2386,35.58002,51.37264,4G,525,450,43211,42221,23223062,4G,-94.8,-13.2,525,525
2022-05-27 19:57:46,2386,35.58002,51.37264,4G,525,450,43211,42221,23223062,4G,-94.2,-13.5,525,525
2022-05-27 19:57:49,2386,35.5802,51.37265,4G,525,450,43211,42221,23223062,4G*,-94.2*,-13.5*,525,525
2022-05-27 19:57:49,2386,35.5802,51.37265,4G,525,450,43211,42221,23223062,4G,-92.6,-12.8,525,525
2022-05-27 19:57:55,2386,35.58036,51.37266,4G,525,450,43211,42221,23223062,4G*,-92.6*,-12.8*,525,525
2022-05-27 19:57:58,2386,35.58052,51.37267,4G,525,450,43211,42221,23223062,4G*,-92.6*,-12.8*,525,525
2022-05-27 19:57:58,2386,35.58052,51.37267,4G,525,450,43211,42221,23223062,4G,-89.7,-11.7,525,525
2022-05-27 19:58:10,2386,35.58069,51.37268,4G,525,450,43211,42221,23223062,4G*,-89.7*,-11.7*,525,525
2022-05-27 19:58:10,2386,35.58069,51.37268,4G,525,450,43211,42221,23223062,4G,-91.1,-11.9,525,525
2022-05-27 19:58:22,2386,35.58081,51.37269,4G,525,450,43211,42221,23223062,4G*,-91.1*,-11.9*,525,525
2022-05-27 19:58:22,2386,35.58081,51.37269,4G,525,450,43211,42221,23223062,4G,-91.8,-12.5,525,525
2022-05-27 19:58:28,2386,35.58101,51.3727,4G,525,450,43211,42221,23223062,4G*,-91.8*,-12.5*,525,525
2022-05-27 19:58:28,2386,35.58101,51.3727,4G,525,450,43211,42221,23223062,4G,-91,-12.5,525,525
2022-05-27 19:58:31,2386,35.58122,51.37272,4G,525,450,43211,42221,23223062,4G*,-91.0*,-12.5*,525,525
2022-05-27 19:58:34,2386,35.58143,51.37274,4G,525,450,43211,42221,23223062,4G*,-91.0*,-12.5*,525,525
2022-05-27 19:58:34,2386,35.58143,51.37274,4G,525,450,43211,42221,23223062,4G,-88.8,-12.7,525,525
2022-05-27 19:58:37,2386,35.58169,51.37276,4G,525,450,43211,42221,23223062,4G*,-88.8*,-12.7*,525,525
2022-05-27 19:58:37,2386,35.58169,51.37276,4G,525,450,43211,42221,23223062,4G,-88.5,-12.8,525,525
2022-05-27 19:58:40,2386,35.582,51.37279,4G,525,450,43211,42221,23223062,4G*,-88.5*,-12.8*,525,525
2022-05-27 19:58:40,2386,35.582,51.37279,4G,525,450,43211,42221,23223062,4G,-91.3,-13.5,525,525
2022-05-27 19:58:43,2386,35.58234,51.37283,4G,525,450,43211,42221,23223062,4G*,-91.3*,-13.5*,525,525
2022-05-27 19:58:43,2386,35.58234,51.37283,4G,525,450,43211,42221,23223062,4G,-89.8,-13,525,525
2022-05-27 19:58:46,2386,35.58269,51.37287,4G,525,450,43211,42221,23223062,4G*,-89.8*,-13.0*,525,525
2022-05-27 19:58:46,2386,35.58269,51.37287,4G,525,450,43211,42221,23223062,4G,-83.7,-11.7,525,525
2022-05-27 19:58:49,2386,35.58306,51.37291,4G,525,450,43211,42221,23223062,4G,-81,-12,525,525
2022-05-27 19:58:49,2386,35.58306,51.37291,4G,525,450,43211,42221,23223062,4G,-81.3,-11.5,525,525
2022-05-27 19:58:52,2386,35.5834,51.37296,4G,525,450,43211,42221,23223062,4G*,-81.3*,-11.5*,525,525
2022-05-27 19:58:52,2386,35.5834,51.37296,4G,525,450,43211,42221,23223062,4G,-82,-11,525,525
2022-05-27 19:58:55,2386,35.58374,51.37301,4G,525,450,43211,42221,23223062,4G*,-82.0*,-11.0*,525,525
2022-05-27 19:58:55,2386,35.58374,51.37301,4G,525,450,43211,42221,23223062,4G,-78,-10,525,525
2022-05-27 19:58:58,2386,35.58412,51.37307,4G,525,450,43211,42221,23223062,4G*,-78.0*,-10.0*,525,525
2022-05-27 19:58:58,2386,35.58412,51.37307,4G,525,450,43211,42221,23223062,4G,-77.3,-10.8,525,525
2022-05-27 19:59:01,2386,35.58454,51.37313,4G,525,450,43211,42221,23223062,4G*,-77.3*,-10.8*,525,525
2022-05-27 19:59:01,2386,35.58454,51.37313,4G,525,450,43211,42221,23223062,4G,-73,-11.8,525,525
2022-05-27 19:59:04,2386,35.58495,51.37318,4G,525,450,43211,42221,23223062,4G*,-73.0*,-11.8*,525,525
2022-05-27 19:59:04,2386,35.58495,51.37318,4G,525,450,43211,42221,23223062,4G,-75.2,-11.7,525,525
2022-05-27 19:59:07,2386,35.58533,51.37322,4G,525,450,43211,42221,23223062,4G*,-75.2*,-11.7*,525,525
2022-05-27 19:59:07,2386,35.58533,51.37322,4G,525,450,43211,42221,23223062,4G,-73.2,-11,525,525
2022-05-27 19:59:10,2386,35.58567,51.37326,4G,525,450,43211,42221,23223062,4G*,-73.2*,-11.0*,525,525
2022-05-27 19:59:10,2386,35.58567,51.37326,4G,525,450,43211,42221,23223062,4G,-72,-10.8,525,525
2022-05-27 19:59:13,2386,35.58591,51.37328,4G,525,450,43211,42221,23223062,4G*,-72.0*,-10.8*,525,525
2022-05-27 19:59:13,2386,35.58591,51.37328,4G,525,450,43211,42221,23223062,4G,-73.3,-10.7,525,525
2022-05-27 19:59:19,2386,35.58602,51.37329,4G,525,450,43211,42221,23223062,4G*,-73.3*,-10.7*,525,525
2022-05-27 19:59:19,2386,35.58602,51.37329,4G,525,450,43211,42221,23223062,4G,-74.4,-10.2,525,525
2022-05-27 19:59:55,2386,35.58618,51.3733,4G,525,450,43211,42221,23223062,4G*,-74.4*,-10.2*,525,525
2022-05-27 19:59:55,2386,35.58618,51.3733,4G,525,450,43211,42221,23223062,4G,-72,-10,525,525
