1,2,3,4,5,6,7,8,9,10,11,12,13,14,15,16,17,18,19
886,6.9717133824308E+016,2304,,1,4,-1,21300,3300,96,20,20,43211,45214,0,23769089,45881,6.97171334171197E+016,
885,6.97171314188222E+016,2304,,1,4,-1,21300,3300,96,20,20,43211,45214,0,23769089,255303,6.97171291179581E+016,
884,6.97171180332777E+016,2304,,1,4,-1,21300,3300,189,20,20,43211,45214,0,23370243,31900,6.97171174807306E+016,
883,6.97171163608515E+016,2304,,1,4,-1,21300,3300,190,20,20,43211,45214,0,23370242,8828,6.97171148600115E+016,
882,6.97171158979052E+016,2304,,1,4,-1,21300,3300,444,20,20,43211,45214,0,23370754,4357,6.97171148600115E+016,
881,6.97171156696302E+016,2304,,1,4,-1,21300,3300,190,20,20,43211,45214,0,23370242,2751,6.97171148600115E+016,
880,6.97171155253461E+016,2304,,1,4,-1,21300,3300,444,20,20,43211,45214,0,23370754,2829,6.97171148600115E+016,
879,6.97171153772347E+016,2304,,1,4,-1,21300,3300,190,20,20,43211,45214,0,23370242,9933,6.97171148600115E+016,
878,6.97171148565643E+016,2304,,1,4,-1,21300,3300,444,20,20,43211,45214,0,23370754,180610,6.9717114020823E+016,
877,6.97171053871366E+016,2304,,1,4,-1,21300,3300,190,20,20,43211,45214,0,23370242,23319,6.97171052148163E+016,
876,6.97171041641824E+016,2304,,1,4,-1,21300,3300,444,20,20,43211,45214,0,23370754,15725,6.97171040577782E+016,
875,6.97171033402638E+016,2304,,1,4,-1,21300,3300,190,20,20,43211,45214,0,23370242,63828,6.97171032186552E+016,
874,6.97170999938908E+016,2304,,1,4,-1,21300,3300,444,20,20,43211,45214,0,23370754,23340,6.97170999681352E+016,
873,6.97170987702026E+016,2304,,1,4,-1,21300,3300,444,20,20,43211,45214,0,23370754,19011,6.9717098606166E+016,
872,6.97170977731641E+016,2304,,1,4,-1,21300,3300,190,20,20,43211,45214,0,23370242,49611,6.97170976626442E+016,
871,6.97170951712277E+016,2304,,1,4,-1,21300,3300,444,20,20,43211,45214,0,23370754,12487,6.97170951442924E+016,
870,6.97170945178075E+016,2304,,1,4,-1,21300,3300,191,20,20,43211,45214,0,23370241,31916,6.97170944101581E+016,
869,6.97170928444375E+016,2304,,1,4,-1,21300,3300,445,20,20,43211,45214,0,23370755,3504,6.9717091265151E+016,
868,6.97170926607794E+016,2304,,1,4,-1,19423,1423,445,20,20,43211,45214,0,23370758,24322,6.9717091265151E+016,
867,6.97170913856061E+016,2304,,1,4,-1,19423,1423,445,20,20,43211,45214,0,23370758,36977,6.9717091265151E+016,
866,6.97170894463173E+016,2304,,1,4,-1,19423,1423,445,20,20,43211,45214,0,23370758,7129,6.97170893784351E+016,
865,6.97170890731291E+016,2304,,1,4,-1,21102,3102,445,20,20,43211,45214,0,23370761,9057,6.97170890639278E+016,
864,6.97170885982814E+016,2304,,1,4,-1,21102,3102,444,20,20,43211,45214,0,23370760,1855,6.97170885383291E+016,
863,6.97170885010784E+016,2304,,1,4,-1,21102,3102,191,20,20,43211,45214,0,23370247,15962,6.97170884347822E+016,
862,6.97170876640002E+016,2304,,1,4,-1,21102,3102,190,20,20,43211,45214,0,23370248,2558,6.97170875959214E+016,
861,6.97170875294679E+016,2304,,1,4,-1,21102,3102,191,20,20,43211,45214,0,23370247,41518,6.971708738483E+016,
860,6.97170853532009E+016,2304,,1,4,-1,21102,3102,190,20,20,43211,45214,0,23370248,13413,6.97170852874813E+016,
859,6.97170846500782E+016,2304,,1,4,-1,21102,3102,191,20,20,43211,45214,0,23370247,9357,6.97170845536092E+016,
858,6.97170841595019E+016,2304,,1,4,-1,21102,3102,190,20,20,43211,45214,0,23370248,3022,6.97170830866514E+016,
857,6.97170840008E+016,2304,,1,4,-1,21102,3102,189,20,20,43211,45214,0,23370249,6054,6.97170830866514E+016,
856,6.97170836834484E+016,2304,,1,4,-1,21102,3102,191,20,20,43211,45214,0,23370247,44875,6.97170830866514E+016,
855,6.97170813308109E+016,2304,,1,4,-1,21102,3102,190,20,20,43211,45214,0,23370248,4323,6.97170813025649E+016,
854,6.97170811041612E+016,2304,,1,4,-1,21102,3102,444,20,20,43211,45214,0,23370760,3764,6.97170806734848E+016,
853,6.97170809068192E+016,2304,,1,4,-1,21102,3102,190,20,20,43211,45214,0,23370248,20692,6.97170806734848E+016,
852,6.97170798218576E+016,2304,,1,4,-1,21102,3102,444,20,20,43211,45214,0,23370760,16620,6.97170796268093E+016,
851,6.97170789507531E+016,2304,,1,4,-1,21102,3102,190,20,20,43211,45214,0,23370248,33041,6.97170788910367E+016,
850,6.97170772184531E+016,2304,,1,4,-1,21102,3102,444,20,20,43211,45214,0,23370760,7362,6.97170771083264E+016,
849,6.97170768322101E+016,2304,,1,4,-1,21102,3102,445,20,20,43211,45214,0,23370761,32369,6.97170766903378E+016,
848,6.9717075135352E+016,2304,,1,4,-1,21102,3102,446,20,20,43211,45214,0,23370759,4590,6.9717075116032E+016,
847,6.97170748947563E+016,2304,,1,4,-1,21102,3102,445,20,20,43211,45214,0,23370761,39210,6.97170748013937E+016,
846,6.97170728386036E+016,2304,,1,4,-1,21102,3102,445,20,20,43211,45214,0,23370761,33213,6.9717072811393E+016,
845,6.97170710976528E+016,2304,,1,4,-1,21102,3102,444,20,20,43211,45214,0,23370760,14202,6.97170710268478E+016,
844,6.97170703531114E+016,2304,,1,4,-1,21102,3102,191,20,20,43211,45214,0,23370247,18945,6.97170702929101E+016,
843,6.97170693595857E+016,2304,,1,4,-1,21102,3102,445,20,20,43211,45214,0,23370761,12391,6.97170693483397E+016,
842,6.97170687100977E+016,2304,,1,4,-1,21102,3102,343,20,20,43211,45214,0,23114247,1085,6.97170686150574E+016,
841,6.97170686529503E+016,2304,,1,4,-1,21102,3102,445,20,20,43211,45214,0,23370761,3943,6.97170686150574E+016,
840,6.97170684465906E+016,2304,,1,4,-1,21102,3102,343,20,20,43211,45214,0,23114247,13361,6.97170684054077E+016,
839,6.97170677460894E+016,2304,,1,4,-1,21102,3102,445,20,20,43211,45214,0,23370761,1909,6.97170676708147E+016,
838,6.97170676460028E+016,2304,,1,4,-1,19423,1423,445,20,20,43211,45214,0,23370758,16299,6.97170674631967E+016,
837,6.97170667914658E+016,2304,,1,4,-1,19423,1423,445,20,20,43211,45214,0,23370758,19531,6.97170666240737E+016,
836,6.97170657674265E+016,2304,,1,4,-1,21300,3300,445,20,20,43211,45214,0,23370755,17083,6.97170656793723E+016,
835,6.97170648718377E+016,2304,,1,4,-1,21300,3300,445,20,20,43211,45214,0,23370755,12982,6.97170642110382E+016,
834,6.97170641911546E+016,2304,,1,4,-1,21300,3300,446,20,20,43211,45214,0,23370753,7723,6.9717064105984E+016,
833,6.97170637860372E+016,2304,,1,4,-1,21300,3300,445,20,20,43211,45214,0,23370755,4317,6.97170636883886E+016,
832,6.97170635599643E+016,2304,,1,4,-1,21300,3300,191,20,20,43211,45214,0,23370241,70883,6.97170633727672E+016,
831,6.97170598436536E+016,2304,,1,4,-1,21300,3300,445,20,20,43211,45214,0,23370755,25653,6.97170597032755E+016,
830,6.97170584983831E+016,2304,,1,4,-1,21300,3300,343,20,20,43211,45214,0,23114241,252960,6.97170581288387E+016,
829,6.97170452360462E+016,2304,,1,4,-1,21300,3300,342,20,20,43211,45214,0,23114242,8106,6.97170450219008E+016,
828,6.97170448113205E+016,2304,,1,4,-1,21300,3300,377,20,20,43211,45214,0,23769345,18418,6.97170446015529E+016,
827,6.9717043845582E+016,2304,,1,4,-1,21300,3300,342,20,20,43211,45214,0,23114242,2361,6.9717043658752E+016,
826,6.97170437218501E+016,2304,,1,4,-1,21300,3300,343,20,20,43211,45214,0,23114241,2216,6.9717043658752E+016,
825,6.97170436057203E+016,2304,,1,4,-1,19423,1423,342,20,20,43211,45214,0,23114245,37006,6.97170434488402E+016,
824,6.97170416655401E+016,2304,,1,4,-1,19423,1423,342,20,20,43211,45214,0,23114245,5799,6.97170415620588E+016,
823,6.97170413615055E+016,2304,,1,4,-1,19423,1423,343,20,20,43211,45214,0,23114244,7941,6.97170411441357E+016,
822,6.97170409451684E+016,2304,,1,4,-1,19423,1423,342,20,20,43211,45214,0,23114245,51630,6.97170409319956E+016,
821,6.97170382379024E+016,2304,,1,4,-1,19423,1423,191,20,20,43211,45214,0,23370244,46052,6.97170382086472E+016,
820,6.97170358229271E+016,2304,,1,4,-1,19423,1423,342,20,20,43211,45214,0,23114245,3500,6.97170357978399E+016,
819,6.9717035640003E+016,2304,,1,4,-1,19423,1423,343,20,20,43211,45214,0,23114244,39293,6.9717035584127E+016,
818,6.97170335801803E+016,2304,,1,4,-1,19423,1423,191,20,20,43211,45214,0,23370244,1642,6.97170333845422E+016,
817,6.97170334940922E+016,2304,,1,4,-1,19423,1423,444,20,20,43211,45214,0,23370757,15630,6.97170333845422E+016,
816,6.971703267463E+016,2304,,1,4,-1,19423,1423,191,20,20,43211,45214,0,23370244,1036,6.97170326513254E+016,
815,6.97170326203662E+016,2304,,1,4,-1,19423,1423,190,20,20,43211,45214,0,23370245,57834,6.97170323378012E+016,
814,6.97170295880942E+016,2304,,1,4,-1,21102,3102,191,20,20,43211,45214,0,23370247,4658,6.97170290844631E+016,
813,6.9717029343776E+016,2304,,1,4,-1,21102,3102,343,20,20,43211,45214,0,23114247,5779,6.97170290844631E+016,
812,6.97170290406851E+016,2304,,1,4,-1,21102,3102,191,20,20,43211,45214,0,23370247,5802,6.97170282446848E+016,
811,6.97170287368077E+016,2304,,1,4,-1,21102,3102,343,20,20,43211,45214,0,23114247,6685,6.97170282446848E+016,
810,6.97170283863212E+016,2304,,1,4,-1,21102,3102,191,20,20,43211,45214,0,23370247,860,6.97170282446848E+016,
809,6.97170283412324E+016,2304,,1,4,-1,21102,3102,343,20,20,43211,45214,0,23114247,108816,6.97170282446848E+016,
808,6.97170226357207E+016,2304,,1,4,-1,21102,3102,191,20,20,43211,45214,0,23370247,3836,6.9717022581588E+016,
807,6.97170224350233E+016,2304,,1,4,-1,21102,3102,190,20,20,43211,45214,0,23370248,3589,6.97170222672773E+016,
806,6.97170222468563E+016,2304,,1,4,-1,19423,1423,190,20,20,43211,45214,0,23370245,14242,6.97170218487644E+016,
805,6.97170215001129E+016,2304,,1,4,-1,19423,1423,190,20,20,43211,45214,0,23370245,7844,6.97170214280233E+016,
804,6.97170210886517E+016,2304,,1,4,-1,19423,1423,191,20,20,43211,45214,0,23370244,19530,6.9717020071166E+016,
803,6.97170200649794E+016,2304,,1,4,-1,19423,1423,190,20,20,43211,45214,0,23370245,21475,6.97170189116375E+016,
802,6.97170189381272E+016,2304,,1,4,-1,19423,1423,191,20,20,43211,45214,0,23370244,21188,6.97170189116375E+016,
801,6.9717017828157E+016,2304,,1,4,-1,19423,1423,189,20,20,43211,45214,0,23370246,64465,6.97170177582694E+016,
800,6.97170144483869E+016,2304,,1,4,-1,19423,1423,191,20,20,43211,45214,0,23370244,20171,6.97170144054477E+016,
799,6.97170133908455E+016,2304,,1,4,-1,19423,1423,376,20,20,43211,45214,0,23769349,638,6.97170133611971E+016,
798,6.97170133573435E+016,2304,,1,4,-1,19423,1423,377,20,20,43211,45214,0,23769348,23631,6.97170131449938E+016,
797,6.97170121183461E+016,2304,,1,4,-1,21300,3300,376,20,20,43211,45214,0,23769346,1971,6.97170114685174E+016,
796,6.97170120150614E+016,2304,,1,4,-1,21300,3300,191,20,20,43211,45214,0,23370241,1288,6.97170114685174E+016,
795,6.97170119475855E+016,2304,,1,4,-1,21300,3300,376,20,20,43211,45214,0,23769346,39846,6.97170114685174E+016,
794,6.97170098584551E+016,2304,,1,4,-1,21300,3300,191,20,20,43211,45214,0,23370241,10393,6.97170097910579E+016,
793,6.97170093136151E+016,2304,,1,4,-1,21300,3300,189,20,20,43211,45214,0,23370243,2011,6.97170092650005E+016,
792,6.97170092080759E+016,2304,,1,4,-1,21300,3300,191,20,20,43211,45214,0,23370241,101715,6.9717009054761E+016,
791,6.97170038750183E+016,2304,,1,4,-1,21300,3300,189,20,20,43211,45214,0,23370243,4266,6.97170037096448E+016,
790,6.97170036516717E+016,2304,,1,4,-1,21300,3300,97,20,20,43211,45214,0,23769090,5194,6.97170034977014E+016,
789,6.9717003379304E+016,2304,,1,4,-1,21300,3300,189,20,20,43211,45214,0,23370243,38923,6.97170032888381E+016,
788,6.9717001338513E+016,2304,,1,4,-1,21300,3300,315,20,20,43211,45214,0,23327235,33586,6.97170012972646E+016,
787,6.97169995777966E+016,2304,,1,4,-1,21300,3300,97,20,20,43211,45214,0,23769090,19934,6.97169995138335E+016,
786,6.97169985324188E+016,2304,,1,4,-1,21300,3300,189,20,20,43211,45214,0,23370243,1876,6.97169984644055E+016,
785,6.9716998434272E+016,2304,,1,4,-1,21300,3300,97,20,20,43211,45214,0,23769090,1277,6.97169968926556E+016,
784,6.97169983673729E+016,2304,,1,4,-1,21300,3300,189,20,20,43211,45214,0,23370243,2697,6.97169968926556E+016,
783,6.97169982259724E+016,2304,,1,4,-1,21300,3300,97,20,20,43211,45214,0,23769090,13104,6.97169968926556E+016,
782,6.9716997538893E+016,2304,,1,4,-1,21300,3300,96,20,20,43211,45214,0,23769089,10831,6.97169968926556E+016,
781,6.97169969711415E+016,2304,,1,4,-1,21300,3300,189,20,20,43211,45214,0,23370243,3207,6.97169968926556E+016,
780,6.97169968028975E+016,2304,,1,4,-1,21300,3300,97,20,20,43211,45214,0,23769090,7924,6.9716996683006E+016,
779,6.97169963875566E+016,2304,,1,4,-1,21300,3300,189,20,20,43211,45214,0,23370243,17465,6.97169963683676E+016,
778,6.97169954718351E+016,2304,,1,4,-1,21300,3300,97,20,20,43211,45214,0,23769090,30149,6.97169954224865E+016,
777,6.97169938911068E+016,2304,,1,4,-1,21300,3300,97,20,20,43211,45214,0,23769090,9394,6.97169936401039E+016,
776,6.97169933985382E+016,2304,,1,4,-1,21300,3300,315,20,20,43211,45214,0,23327235,22648,6.97169932226396E+016,
775,6.97169922112356E+016,2304,,1,4,-1,21300,3300,97,20,20,43211,45214,0,23769090,18743,6.97169921727529E+016,
774,6.97169912286151E+016,2304,,1,4,-1,21300,3300,189,20,20,43211,45214,0,23370243,1212,6.97169910190572E+016,
773,6.97169911649665E+016,2304,,1,4,-1,21300,3300,96,20,20,43211,45214,0,23769089,2473,6.97169910190572E+016,
772,6.97169910352577E+016,2304,,1,4,-1,21300,3300,97,20,20,43211,45214,0,23769090,19647,6.97169910190572E+016,
771,6.97169900052939E+016,2304,,1,4,-1,21300,3300,189,20,20,43211,45214,0,23370243,12110,6.97169897624044E+016,
770,6.97169893701714E+016,2304,,1,4,-1,21300,3300,96,20,20,43211,45214,0,23769089,145077,6.97169893411389E+016,
769,6.97169817641681E+016,2304,,1,4,-1,21300,3300,189,20,20,43211,45214,0,23370243,46167,6.97169816879104E+016,
768,6.97169793436877E+016,2304,,1,4,-1,21300,3300,376,20,20,43211,45214,0,23769346,33171,6.9716979169493E+016,
767,6.9716977604572E+016,2304,,1,4,-1,21300,3300,485,20,20,43211,45214,0,23366914,26162,6.97169775991194E+016,
766,6.971697623272E+016,2304,,1,4,-1,21300,3300,189,20,20,43211,45214,0,23370243,93226,6.97169761316373E+016,
765,6.97169713452024E+016,2304,,1,4,-1,21300,3300,96,20,20,43211,45214,0,23769089,27899,6.97169713056317E+016,
764,6.97169698820194E+016,2304,,1,4,-1,21300,3300,97,20,20,43211,45214,0,23769090,6638,6.97169697345372E+016,
763,6.97169695344689E+016,2304,,1,4,-1,21300,3300,218,20,20,43211,45214,0,23366657,35588,6.97169695228559E+016,
762,6.97169676686852E+016,2304,,1,4,-1,21300,3300,97,20,20,43211,45214,0,23769090,33186,6.97169676357468E+016,
761,6.97169659287831E+016,2304,,1,4,-1,21300,3300,315,20,20,43211,45214,0,23327235,25339,6.97169658549371E+016,
760,6.97169646002373E+016,2304,,1,4,-1,21300,3300,315,20,20,43211,45214,0,23327235,2910,6.97169645954662E+016,
759,6.9716964447617E+016,2304,,1,4,-1,21300,3300,218,20,20,43211,45214,0,23366657,48511,6.97169643871928E+016,
758,6.97169619042959E+016,2304,,1,4,-1,21300,3300,97,20,20,43211,45214,0,23769090,4357,6.97169617647043E+016,
757,6.97169616759161E+016,2304,,1,4,-1,21300,3300,316,20,20,43211,45214,0,23327234,6568,6.97169615559066E+016,
756,6.97169613315637E+016,2304,,1,4,-1,21300,3300,218,20,20,43211,45214,0,23366657,11979,6.97169611363451E+016,
755,6.97169607035191E+016,2304,,1,4,-1,21300,3300,316,20,20,43211,45214,0,23327234,36071,6.97169606118605E+016,
754,6.97169588123075E+016,2304,,1,4,-1,21300,3300,315,20,20,43211,45214,0,23327235,70273,6.97169585132012E+016,
753,6.97169551280308E+016,2304,,1,4,-1,21300,3300,315,20,20,43211,45214,0,23327235,6481,6.97169550546043E+016,
752,6.97169547882398E+016,2304,,1,4,-1,21300,3300,190,20,20,43211,45214,0,23370242,24307,6.97169546352394E+016,
751,6.97169535138005E+016,2304,,1,4,-1,21300,3300,437,20,20,43211,45214,0,23366403,1145,6.97169532719596E+016,
750,6.97169534535598E+016,2304,,1,4,-1,21300,3300,444,20,20,43211,45214,0,23370754,11823,6.97169532719596E+016,
749,6.97169528339563E+016,2304,,1,4,-1,21300,3300,437,20,20,43211,45214,0,23366403,77341,6.97169527464264E+016,
748,6.97169487790604E+016,2304,,1,4,-1,21300,3300,315,20,20,43211,45214,0,23327235,9191,6.97169484475269E+016,
747,6.97169482971873E+016,2304,,1,4,-1,21300,3300,317,20,20,43211,45214,0,23327233,48309,6.97169482368942E+016,
746,6.9716945764352E+016,2304,,1,4,-1,21300,3300,317,20,20,43211,45214,0,23327233,16374,6.97169451979899E+016,
745,6.97169449058828E+016,2304,,1,4,-1,21300,3300,317,20,20,43211,45214,0,23327233,25129,6.97169448835482E+016,
744,6.97169435884519E+016,2304,,1,4,-1,21300,3300,437,20,20,43211,45214,0,23366403,5514,6.97169435201372E+016,
743,6.97169432993071E+016,2304,,1,4,-1,21300,3300,222,20,20,43211,45214,0,23263234,31008,6.9716943203926E+016,
742,6.97169416736473E+016,2304,,1,4,-1,21300,3300,222,20,20,43211,45214,0,23263234,10368,6.97169416326349E+016,
741,6.97169411300655E+016,2304,,1,4,-1,21300,3300,222,20,20,43211,45214,0,23263234,13599,6.97169411069051E+016,
740,6.97169404170863E+016,2304,,1,4,-1,21300,3300,437,20,20,43211,45214,0,23366403,13982,6.97169403742781E+016,
739,6.97169396839744E+016,2304,,1,4,-1,21300,3300,317,20,20,43211,45214,0,23327233,131079,6.97169396402749E+016,
738,6.97169328116597E+016,2304,,1,4,-1,21300,3300,315,20,20,43211,45214,0,23327235,68090,6.97169322003006E+016,
737,6.97169292416254E+016,2304,,1,4,-1,21300,3300,315,20,20,43211,45214,0,23327235,56501,6.97169291556946E+016,
736,6.97169262795031E+016,2304,,1,4,-1,21300,3300,444,20,20,43211,45214,0,23370754,44439,6.97169262186332E+016,
735,6.97169239496196E+016,2304,,1,4,-1,21300,3300,437,20,20,43211,45214,0,23366403,20117,6.97169238091366E+016,
734,6.97169228949619E+016,2304,,1,4,-1,21300,3300,437,20,20,43211,45214,0,23366403,24387,6.9716922757546E+016,
733,6.97169216159613E+016,2304,,1,4,-1,21300,3300,444,20,20,43211,45214,0,23370754,5173,6.97169214991237E+016,
732,6.97169213451141E+016,2304,,1,4,-1,21300,3300,315,20,20,43211,45214,0,23327235,4608,6.9716921291178E+016,
731,6.97169211035746E+016,2304,,1,4,-1,21300,3300,437,20,20,43211,45214,0,23366403,1237,6.97169206626877E+016,
730,6.97169210381435E+016,2304,,1,4,-1,21300,3300,444,20,20,43211,45214,0,23370754,67791,6.97169206626877E+016,
729,6.97169174845194E+016,2304,,1,4,-1,21300,3300,437,20,20,43211,45214,0,23366403,141775,6.97169174098739E+016,
728,6.97169100513739E+016,2304,,1,4,-1,21300,3300,444,20,20,43211,45214,0,23370754,645,6.97169099641324E+016,
727,6.97169100175573E+016,2304,,1,4,-1,21300,3300,222,20,20,43211,45214,0,23263234,7813,6.97169099641324E+016,
726,6.97169096072495E+016,2304,,1,4,-1,21300,3300,446,20,20,43211,45214,0,23370753,32556,6.9716909544833E+016,
725,6.97169079011115E+016,2304,,1,4,-1,21300,3300,222,20,20,43211,45214,0,23263234,46082,6.97169077640888E+016,
724,6.97169054845108E+016,2304,,1,4,-1,21300,3300,222,20,20,43211,45214,0,23263234,18189,6.97169053502669E+016,
723,6.97169045314077E+016,2304,,1,4,-1,21300,3300,222,20,20,43211,45214,0,23263234,3041,6.97169044074005E+016,
722,6.97169043718144E+016,2304,,1,4,-1,21300,3300,446,20,20,43211,45214,0,23370753,27518,6.97169043039846E+016,
721,6.9716902929236E+016,2304,,1,4,-1,21300,3300,444,20,20,43211,45214,0,23370754,93493,6.97169027287614E+016,
720,6.9716898026147E+016,2304,,1,4,-1,21300,3300,446,20,20,43211,45214,0,23370753,58869,6.97168980109558E+016,
719,6.97168949410791E+016,2304,,1,4,-1,21300,3300,444,20,20,43211,45214,0,23370754,45257,6.97168948644413E+016,
718,6.9716892568309E+016,2304,,1,4,-1,21300,3300,444,20,20,43211,45214,0,23370754,29708,6.97168925598024E+016,
717,6.97168910107542E+016,2304,,1,4,-1,21300,3300,444,20,20,43211,45214,0,23370754,6220,6.97168908800492E+016,
716,6.9716890684647E+016,2304,,1,4,-1,21300,3300,315,20,20,43211,45214,0,23327235,2594,6.97168906709238E+016,
715,6.97168905485943E+016,2304,,1,4,-1,21300,3300,190,20,20,43211,45214,0,23370242,6355,6.9716890461012E+016,
714,6.97168902154617E+016,2304,,1,4,-1,21300,3300,315,20,20,43211,45214,0,23327235,22156,6.97168900410573E+016,
713,6.97168890535871E+016,2304,,1,4,-1,21300,3300,315,20,20,43211,45214,0,23327235,3653,6.97168889933332E+016,
712,6.97168888618549E+016,2304,,1,4,-1,21300,3300,218,20,20,43211,45214,0,23366657,38554,6.97168887827005E+016,
711,6.97168868402004E+016,2304,,1,4,-1,21300,3300,97,20,20,43211,45214,0,23769090,4350,6.97168867926344E+016,
710,6.97168866129216E+016,2304,,1,4,-1,21300,3300,218,20,20,43211,45214,0,23366657,8945,6.97168865806254E+016,
709,6.97168861439984E+016,2304,,1,4,-1,21300,3300,97,20,20,43211,45214,0,23769090,46922,6.97168860565996E+016,
708,6.97168836839342E+016,2304,,1,4,-1,21300,3300,97,20,20,43211,45214,0,23769090,13899,6.97168833303675E+016,
707,6.97168829552263E+016,2304,,1,4,-1,21300,3300,97,20,20,43211,45214,0,23769090,12593,6.97168822821847E+016,
706,6.97168822948332E+016,2304,,1,4,-1,21300,3300,218,20,20,43211,45214,0,23366657,23190,6.97168822821847E+016,
705,6.97168810791666E+016,2304,,1,4,-1,21300,3300,97,20,20,43211,45214,0,23769090,11825,6.97168810246799E+016,
704,6.97168804587766E+016,2304,,1,4,-1,21300,3300,376,20,20,43211,45214,0,23769346,27631,6.97168803943547E+016,
703,6.97168790105358E+016,2304,,1,4,-1,21300,3300,97,20,20,43211,45214,0,23769090,30335,6.97168788213596E+016,
702,6.97168774200033E+016,2304,,1,4,-1,21300,3300,97,20,20,43211,45214,0,23769090,4506,6.97168773549916E+016,
701,6.97168771838116E+016,2304,,1,4,-1,21300,3300,96,20,20,43211,45214,0,23769089,39398,6.9716877145342E+016,
700,6.97168751179072E+016,2304,,1,4,-1,21300,3300,96,20,20,43211,45214,0,23769089,10490,6.97168750481244E+016,
699,6.9716874568296E+016,2304,,1,4,-1,21300,3300,189,20,20,43211,45214,0,23370243,19085,6.97168744172749E+016,
698,6.97168735676924E+016,2304,,1,4,-1,21300,3300,96,20,20,43211,45214,0,23769089,33891,6.97168732641034E+016,
697,6.97168717906706E+016,2304,,1,4,-1,21300,3300,98,20,20,43211,45214,0,23769091,99045,6.97168715877581E+016,
696,6.9716866597965E+016,2304,,1,4,-1,21300,3300,133,20,20,43211,45214,0,23475969,12535,6.9716866342912E+016,
695,6.971686594077E+016,2304,,1,4,-1,21300,3300,98,20,20,43211,45214,0,23769091,44771,6.97168659252511E+016,
694,6.97168635935326E+016,2304,,1,4,-1,21300,3300,98,20,20,43211,45214,0,23769091,29037,6.97168634086687E+016,
693,6.97168620707906E+016,2304,,1,4,-1,21300,3300,98,20,20,43211,45214,0,23769091,33280,6.97168620454543E+016,
692,6.97168603262747E+016,2304,,1,4,-1,21300,3300,96,20,20,43211,45214,0,23769089,27058,6.97168602611057E+016,
691,6.97168589076562E+016,2304,,1,4,-1,21300,3300,97,20,20,43211,45214,0,23769090,30027,6.97168587931648E+016,
690,6.97168573332193E+016,2304,,1,4,-1,21300,3300,97,20,20,43211,45214,0,23769090,1134,6.97168572217426E+016,
689,6.97168572724019E+016,2304,,1,4,-1,21300,3300,218,20,20,43211,45214,0,23366657,42765,6.97168572217426E+016,
688,6.97168550318047E+016,2304,,1,4,-1,21300,3300,217,20,20,43211,45214,0,23366659,52162,6.97168550181601E+016,
687,6.97168522970137E+016,2304,,1,4,-1,21300,3300,217,20,20,43211,45214,0,23366659,42247,6.97168522928456E+016,
686,6.97168500820541E+016,2304,,1,4,-1,21300,3300,217,20,20,43211,45214,0,23366659,51351,6.97168486219121E+016,
685,6.97168473897304E+016,2304,,1,4,-1,21300,3300,217,20,20,43211,45214,0,23366659,586,6.97168401304781E+016,
684,6.97168473589023E+016,2304,,1,4,-1,21300,3300,216,20,20,43211,45214,0,23366658,30684,6.97168401304781E+016,
683,6.97168457503867E+016,2304,,1,4,-1,21300,3300,217,20,20,43211,45214,0,23366659,34267,6.97168401304781E+016,
682,6.9716843953809E+016,2304,,1,4,-1,21300,3300,217,20,20,43211,45214,0,23366659,50235,6.97168401304781E+016,
681,6.97168413200482E+016,2304,,1,4,-1,21300,3300,217,20,20,43211,45214,0,23366659,24158,6.97168401304781E+016,
680,6.97168400534209E+016,2304,,1,4,-1,21300,3300,217,20,20,43211,45214,0,23366659,52356,6.97168316412068E+016,
679,6.9716837308511E+016,2304,,1,4,-1,21300,3300,216,20,20,43211,45214,0,23366658,234928,6.97168316412068E+016,
678,6.97168249915179E+016,2304,,1,4,-1,21300,3300,216,20,20,43211,45214,0,23366658,5664,6.97168249266504E+016,
677,6.97168246945088E+016,2304,,1,4,-1,21300,3300,316,20,20,43211,45214,0,23327234,1340,6.97168246124708E+016,
676,6.97168246243066E+016,2304,,1,4,-1,21300,3300,97,20,20,43211,45214,0,23769090,9769,6.97168246124708E+016,
675,6.97168241121296E+016,2304,,1,4,-1,21300,3300,316,20,20,43211,45214,0,23327234,4132,6.97168239811625E+016,
674,6.97168238954938E+016,2304,,1,4,-1,21300,3300,218,20,20,43211,45214,0,23366657,20110,6.97168237716439E+016,
673,6.97168228410458E+016,2304,,1,4,-1,21300,3300,218,20,20,43211,45214,0,23366657,10886,6.97168228294984E+016,
672,6.97168222704108E+016,2304,,1,4,-1,21300,3300,97,20,20,43211,45214,0,23769090,19636,6.97168220954952E+016,
671,6.97168212408664E+016,2304,,1,4,-1,21300,3300,217,20,20,43211,45214,0,23366659,2554,6.97168210446909E+016,
670,6.97168211070157E+016,2304,,1,4,-1,21300,3300,218,20,20,43211,45214,0,23366657,27047,6.97168210446909E+016,
669,6.97168196889739E+016,2304,,1,4,-1,21300,3300,218,20,20,43211,45214,0,23366657,4691,6.97168195767501E+016,
668,6.9716819442978E+016,2304,,1,4,-1,21300,3300,217,20,20,43211,45214,0,23366659,11911,6.97168193683456E+016,
667,6.9716818818184E+016,2304,,1,4,-1,21300,3300,217,20,20,43211,45214,0,23366659,24103,6.9716818634539E+016,
666,6.97168175542829E+016,2304,,1,4,-1,21300,3300,97,20,20,43211,45214,0,23769090,9912,6.9716817481171E+016,
665,6.97168170351854E+016,2304,,1,4,-1,21300,3300,96,20,20,43211,45214,0,23769089,79302,6.97168163274752E+016,
664,6.97168128773194E+016,2304,,1,4,-1,21300,3300,96,20,20,43211,45214,0,23769089,40255,6.97168125533225E+016,
663,6.97168107669029E+016,2304,,1,4,-1,21300,3300,485,20,20,43211,45214,0,23366914,1579,6.97168103493468E+016,
662,6.97168106841178E+016,2304,,1,4,-1,19423,1423,485,20,20,43211,45214,0,23366917,13962,6.97168103493468E+016,
661,6.97168099521069E+016,2304,,1,4,-1,19423,1423,485,20,20,43211,45214,0,23366917,32875,6.97168099299164E+016,
660,6.97168082285625E+016,2304,,1,4,-1,19423,1423,376,20,20,43211,45214,0,23769349,36569,6.97168081488445E+016,
659,6.97168063111889E+016,2304,,1,4,-1,19423,1423,189,20,20,43211,45214,0,23370246,67655,6.97168061560914E+016,
658,6.97168027640136E+016,2304,,1,4,-1,19423,1423,96,20,20,43211,45214,0,23769092,63851,6.9716704549929E+016,
657,6.97167994162774E+016,2304,,1,4,-1,21300,3300,96,20,20,43211,45214,0,23769089,10403,6.9716704549929E+016,
656,6.97167988711227E+016,2304,,1,4,-1,21300,3300,98,20,20,43211,45214,0,23769091,195959,6.9716704549929E+016,
655,6.97167885971751E+016,2304,,1,4,-1,21300,3300,96,20,20,43211,45214,0,23769089,1667,6.9716704549929E+016,
654,6.97167885098287E+016,2304,,1,4,-1,19423,1423,96,20,20,43211,45214,0,23769092,98816,6.9716704549929E+016,
653,6.97167833290768E+016,2304,,1,4,-1,19423,1423,96,20,20,43211,45214,0,23769092,152761,6.9716704549929E+016,
652,6.97167753199485E+016,2304,,1,4,-1,21300,3300,96,20,20,43211,45214,0,23769089,48474,6.9716704549929E+016,
651,6.97167727785673E+016,2304,,1,4,-1,21300,3300,96,20,20,43211,45214,0,23769089,40769,6.9716704549929E+016,
650,6.97167706410975E+016,2304,,1,4,-1,21300,3300,96,20,20,43211,45214,0,23769089,38578,6.9716704549929E+016,
649,6.97167686184993E+016,2304,,1,4,-1,21300,3300,96,20,20,43211,45214,0,23769089,62370,6.9716704549929E+016,
648,6.97167653484626E+016,2304,,1,4,-1,21300,3300,96,20,20,43211,45214,0,23769089,5849,6.9716704549929E+016,
647,6.97167650418065E+016,2304,,1,4,-1,21300,3300,98,20,20,43211,45214,0,23769091,19556,6.9716704549929E+016,
646,6.97167640165614E+016,2304,,1,4,-1,21300,3300,96,20,20,43211,45214,0,23769089,80522,6.9716704549929E+016,
645,6.97167597948895E+016,2304,,1,4,-1,21300,3300,96,20,20,43211,45214,0,23769089,45036,6.9716704549929E+016,
644,6.97167574336537E+016,2304,,1,4,-1,21300,3300,96,20,20,43211,45214,0,23769089,17855,6.9716704549929E+016,
643,6.97167564975374E+016,2304,,1,4,-1,21300,3300,98,20,20,43211,45214,0,23769091,66703,6.9716704549929E+016,
642,6.97167530003792E+016,2304,,1,4,-1,21300,3300,96,20,20,43211,45214,0,23769089,59370,6.9716704549929E+016,
641,6.97167498876813E+016,2304,,1,4,-1,21300,3300,96,20,20,43211,45214,0,23769089,65049,6.9716704549929E+016,
640,6.97167464771355E+016,2304,,1,4,-1,21300,3300,98,20,20,43211,45214,0,23769091,46524,6.9716704549929E+016,
639,6.97167440380428E+016,2304,,1,4,-1,21300,3300,96,20,20,43211,45214,0,23769089,182064,6.9716704549929E+016,
638,6.97167344926982E+016,2304,,1,4,-1,21300,3300,96,20,20,43211,45214,0,23769089,173772,6.9716704549929E+016,
637,6.97167253819884E+016,2304,,1,4,-1,21300,3300,98,20,20,43211,45214,0,23769091,22556,6.9716704549929E+016,
636,6.97167241991946E+016,2304,,1,4,-1,21300,3300,96,20,20,43211,45214,0,23769089,49041,6.9716704549929E+016,
635,6.9716721628296E+016,2304,,1,4,-1,21300,3300,96,20,20,43211,45214,0,23769089,44996,6.9716704549929E+016,
634,6.97167192691573E+016,2304,,1,4,-1,21300,3300,96,20,20,43211,45214,0,23769089,43999,6.9716704549929E+016,
633,6.97167169623425E+016,2304,,1,4,-1,21300,3300,96,20,20,43211,45214,0,23769089,155137,6.9716704549929E+016,
632,6.97167088287482E+016,2304,,1,4,-1,21300,3300,98,20,20,43211,45214,0,23769091,8455,6.9716704549929E+016,
631,6.97167083854627E+016,2304,,1,4,-1,21300,3300,96,20,20,43211,45214,0,23769089,40625,6.9716704549929E+016,
630,6.97167062551757E+016,2304,,1,4,-1,21300,3300,96,20,20,43211,45214,0,23769089,3597,6.9716704549929E+016,
629,6.97167060669563E+016,2304,,1,4,-1,18550,550,96,10,10,43211,45214,0,23769109,25987,6.9716704549929E+016,
628,6.97167047044891E+016,2304,,1,4,-1,18550,550,96,10,10,43211,45214,0,23769109,14613,6.9716704549929E+016,
627,6.97167039382946E+016,2304,,1,4,-1,18550,550,98,10,10,43211,45214,0,23769111,36677,6.97167039206523E+016,
626,6.97167020153635E+016,2304,,1,4,-1,21300,3300,98,20,20,43211,45214,0,23769091,9989,6.97167018225828E+016,
625,6.97167014914425E+016,2304,,1,4,-1,21300,3300,98,20,20,43211,45214,0,23769091,45197,6.9716701403349E+016,
624,6.97166991220802E+016,2304,,1,4,-1,21300,3300,485,20,20,43211,45214,0,23366914,66761,6.97166990976614E+016,
623,6.97166956211995E+016,2304,,1,4,-1,21300,3300,98,20,20,43211,45214,0,23769091,82574,6.97166954256138E+016,
622,6.97166912926253E+016,2304,,1,4,-1,21300,3300,217,20,20,43211,45214,0,23366659,78441,6.97166911267799E+016,
621,6.97166871799005E+016,2304,,1,4,-1,21300,3300,98,20,20,43211,45214,0,23769091,106418,6.97166834735514E+016,
620,6.97166816006898E+016,2304,,1,4,-1,21300,3300,133,20,20,43211,45214,0,23475969,77357,6.97166815870321E+016,
619,6.97166775449551E+016,2304,,1,4,-1,21300,3300,98,20,20,43211,45214,0,23769091,52161,6.97166774967337E+016,
618,6.97166748098494E+016,2304,,1,4,-1,21300,3300,217,20,20,43211,45214,0,23366659,2875,6.97166746645955E+016,
617,6.97166746594312E+016,2304,,1,4,-1,19423,1423,216,20,20,43211,45214,0,23366661,969,6.9716674454356E+016,
616,6.97166746082083E+016,2304,,1,4,-1,21102,3102,216,20,20,43211,45214,0,23366664,291,6.9716674454356E+016,
615,6.97166745934234E+016,2304,,1,4,-1,21102,3102,216,20,20,43211,45214,0,23366664,39315,6.9716674454356E+016,
614,6.97166725321327E+016,2304,,1,4,-1,21300,3300,316,20,20,43211,45214,0,23327234,140397,6.97166724642243E+016,
613,6.97166651712864E+016,2304,,1,4,-1,21300,3300,217,20,20,43211,45214,0,23366659,491613,6.9716665017172E+016,
612,6.97166393963446E+016,2304,,1,4,-1,21300,3300,316,20,20,43211,45214,0,23327234,2614,6.97166393299436E+016,
611,6.97166392596103E+016,2304,,1,4,-1,21300,3300,216,20,20,43211,45214,0,23366658,69429,6.97166392248238E+016,
610,6.97166356195312E+016,2304,,1,4,-1,21300,3300,217,20,20,43211,45214,0,23366659,32711,6.97166355527107E+016,
609,6.97166339044803E+016,2304,,1,4,-1,21300,3300,217,20,20,43211,45214,0,23366659,44588,6.97166338747269E+016,
608,6.97166315664704E+016,2304,,1,4,-1,21300,3300,98,20,20,43211,45214,0,23769091,13724,6.971663135821E+016,
607,6.97166308472521E+016,2304,,1,4,-1,21300,3300,133,20,20,43211,45214,0,23475969,19259,6.97166307304407E+016,
606,6.97166298375782E+016,2304,,1,4,-1,21300,3300,98,20,20,43211,45214,0,23769091,5780,6.97166297848873E+016,
605,6.97166295345398E+016,2304,,1,4,-1,21300,3300,133,20,20,43211,45214,0,23475969,6704,6.97166294718218E+016,
604,6.97166291830047E+016,2304,,1,4,-1,21300,3300,485,20,20,43211,45214,0,23366914,3969,6.97166291574456E+016,
603,6.97166289743381E+016,2304,,1,4,-1,21300,3300,133,20,20,43211,45214,0,23475969,13066,6.97166289476649E+016,
602,6.97166282898801E+016,2304,,1,4,-1,21300,3300,485,20,20,43211,45214,0,23366914,213469,6.97166281088041E+016,
601,6.97166170914554E+016,2304,,1,4,-1,21300,3300,133,20,20,43211,45214,0,23475969,2434,6.97166169928499E+016,
600,6.97166169703449E+016,2304,,1,4,-1,18550,550,485,10,10,43211,45214,0,23366934,33172,6.97166168889754E+016,
599,6.97166152311767E+016,2304,,1,4,-1,18550,550,133,10,10,43211,45214,0,23475989,8806,6.97166152113848E+016,
598,6.97166147694887E+016,2304,,1,4,-1,18550,550,98,10,10,43211,45214,0,23769111,29567,6.97166146870968E+016,
597,6.97166132193264E+016,2304,,1,4,-1,21300,3300,98,20,20,43211,45214,0,23769091,12548,6.97166131129221E+016,
596,6.97166125612925E+016,2304,,1,4,-1,21300,3300,217,20,20,43211,45214,0,23366659,724,6.97166124843008E+016,
595,6.97166125235438E+016,2304,,1,4,-1,21300,3300,98,20,20,43211,45214,0,23769091,2183,6.97166124843008E+016,
594,6.97166124090393E+016,2304,,1,4,-1,21300,3300,217,20,20,43211,45214,0,23366659,18231,6.97166123783946E+016,
593,6.97166114530525E+016,2304,,1,4,-1,21300,3300,125,20,20,43211,45214,0,23297281,30826,6.97166114344796E+016,
592,6.97166098370396E+016,2304,,1,4,-1,21300,3300,316,20,20,43211,45214,0,23327234,10266,6.97166097569546E+016,
591,6.97166092988056E+016,2304,,1,4,-1,21300,3300,216,20,20,43211,45214,0,23366658,24553,6.97166092326011E+016,
590,6.97166080112067E+016,2304,,1,4,-1,21300,3300,316,20,20,43211,45214,0,23327234,8718,6.97166079743754E+016,
589,6.97166075544994E+016,2304,,1,4,-1,21300,3300,218,20,20,43211,45214,0,23366657,788,6.97166074503496E+016,
588,6.97166075131331E+016,2304,,1,4,-1,21300,3300,316,20,20,43211,45214,0,23327234,25154,6.97166074503496E+016,
587,6.9716606194339E+016,2304,,1,4,-1,21300,3300,315,20,20,43211,45214,0,23327235,16365,6.97166057738732E+016,
586,6.97166053363417E+016,2304,,1,4,-1,21300,3300,315,20,20,43211,45214,0,23327235,1605,6.971660524834E+016,
585,6.97166052518789E+016,2304,,1,4,-1,21300,3300,317,20,20,43211,45214,0,23327233,26230,6.971660524834E+016,
584,6.97166038769861E+016,2304,,1,4,-1,21300,3300,317,20,20,43211,45214,0,23327233,8847,6.97166037805302E+016,
583,6.97166034130436E+016,2304,,1,4,-1,21300,3300,437,20,20,43211,45214,0,23366403,35543,6.97166028384502E+016,
582,6.97166015496716E+016,2304,,1,4,-1,21300,3300,437,20,20,43211,45214,0,23366403,10314,6.97166014749737E+016,
581,6.97166010089734E+016,2304,,1,4,-1,21300,3300,437,20,20,43211,45214,0,23366403,21469,6.97166009506857E+016,
580,6.97165998832747E+016,2304,,1,4,-1,21300,3300,222,20,20,43211,45214,0,23263234,3954,6.97165997973176E+016,
579,6.97165996760236E+016,2304,,1,4,-1,21300,3300,437,20,20,43211,45214,0,23366403,27202,6.97165995858985E+016,
578,6.97165982498554E+016,2304,,1,4,-1,21300,3300,446,20,20,43211,45214,0,23370753,67381,6.97165982247158E+016,
577,6.97165947171504E+016,2304,,1,4,-1,21300,3300,222,20,20,43211,45214,0,23263234,33880,6.97165937138729E+016,
576,6.97165929409151E+016,2304,,1,4,-1,21300,3300,222,20,20,43211,45214,0,23263234,50451,6.97165928762573E+016,
575,6.97165902958297E+016,2304,,1,4,-1,21300,3300,446,20,20,43211,45214,0,23370753,24018,6.97165902537032E+016,
574,6.97165890362278E+016,2304,,1,4,-1,21300,3300,445,20,20,43211,45214,0,23370755,23464,6.9716588997247E+016,
573,6.97165878058287E+016,2304,,1,4,-1,21300,3300,343,20,20,43211,45214,0,23114241,31616,6.97165877368586E+016,
572,6.97165861488165E+016,2304,,1,4,-1,21300,3300,342,20,20,43211,45214,0,23114242,54748,6.97165859540173E+016,
571,6.97165832783921E+016,2304,,1,4,-1,21300,3300,342,20,20,43211,45214,0,23114242,40610,6.97165380365189E+016,
570,6.9716581149311E+016,2304,,1,4,-1,21300,3300,342,20,20,43211,45214,0,23114242,38090,6.97165380365189E+016,
569,6.97165791522456E+016,2304,,1,4,-1,21300,3300,342,20,20,43211,45214,0,23114242,37142,6.97165380365189E+016,
568,6.97165772049875E+016,2304,,1,4,-1,21300,3300,342,20,20,43211,45214,0,23114242,49687,6.97165380365189E+016,
567,6.97165745999053E+016,2304,,1,4,-1,21300,3300,342,20,20,43211,45214,0,23114242,38934,6.97165380365189E+016,
566,6.97165725586948E+016,2304,,1,4,-1,21300,3300,342,20,20,43211,45214,0,23114242,46734,6.97165380365189E+016,
565,6.97165701084348E+016,2304,,1,4,-1,21300,3300,342,20,20,43211,45214,0,23114242,77224,6.97165380365189E+016,
564,6.97165660597256E+016,2304,,1,4,-1,21300,3300,342,20,20,43211,45214,0,23114242,52353,6.97165380365189E+016,
563,6.97165633148682E+016,2304,,1,4,-1,21300,3300,342,20,20,43211,45214,0,23114242,44161,6.97165380365189E+016,
562,6.971656099956E+016,2304,,1,4,-1,21300,3300,342,20,20,43211,45214,0,23114242,41295,6.97165380365189E+016,
561,6.97165588345127E+016,2304,,1,4,-1,21300,3300,342,20,20,43211,45214,0,23114242,39058,6.97165380365189E+016,
560,6.97165567867486E+016,2304,,1,4,-1,21300,3300,342,20,20,43211,45214,0,23114242,38059,6.97165380365189E+016,
559,6.97165547914134E+016,2304,,1,4,-1,21300,3300,342,20,20,43211,45214,0,23114242,44241,6.97165380365189E+016,
558,6.97165524719108E+016,2304,,1,4,-1,21300,3300,342,20,20,43211,45214,0,23114242,45481,6.97165380365189E+016,
557,6.97165500873441E+016,2304,,1,4,-1,21300,3300,342,20,20,43211,45214,0,23114242,35404,6.97165380365189E+016,
556,6.97165482312073E+016,2304,,1,4,-1,21300,3300,342,20,20,43211,45214,0,23114242,48330,6.97165380365189E+016,
555,6.9716545697271E+016,2304,,1,4,-1,21300,3300,342,20,20,43211,45214,0,23114242,29094,6.97165380365189E+016,
554,6.97165441719075E+016,2304,,1,4,-1,21300,3300,342,20,20,43211,45214,0,23114242,44172,6.97165380365189E+016,
553,6.97165418560225E+016,2304,,1,4,-1,21300,3300,342,20,20,43211,45214,0,23114242,12177,6.97165380365189E+016,
552,6.9716541217597E+016,2304,,1,4,-1,21300,3300,342,20,20,43211,45214,0,23114242,41353,6.97165380365189E+016,
551,6.97165390495613E+016,2304,,1,4,-1,21300,3300,342,20,20,43211,45214,0,23114242,28183,6.97165380365189E+016,
550,6.9716537571908E+016,2304,,1,4,-1,21300,3300,342,20,20,43211,45214,0,23114242,1150,6.97165375147213E+016,
549,6.97165375116149E+016,2304,,1,4,-1,21300,3300,376,20,20,43211,45214,0,23769346,8232,6.97165374056694E+016,
548,6.97165370800734E+016,2304,,1,4,-1,21300,3300,342,20,20,43211,45214,0,23114242,23159,6.9716536988074E+016,
547,6.97165358658748E+016,2304,,1,4,-1,21300,3300,376,20,20,43211,45214,0,23769346,1446,6.97165358344438E+016,
546,6.97165357900104E+016,2304,,1,4,-1,21300,3300,191,20,20,43211,45214,0,23370241,15625,6.9716535729324E+016,
545,6.97165349708104E+016,2304,,1,4,-1,21300,3300,485,20,20,43211,45214,0,23366914,25022,6.97165348889559E+016,
544,6.97165336585699E+016,2304,,1,4,-1,21300,3300,484,20,20,43211,45214,0,23366913,46920,6.97165336322376E+016,
543,6.97165311990301E+016,2304,,1,4,-1,21300,3300,483,20,20,43211,45214,0,23366915,2530,6.97165311146066E+016,
542,6.97165310663328E+016,2304,,1,4,-1,21300,3300,440,20,20,43211,45214,0,23367682,59989,6.97165309044326E+016,
541,6.97165279211815E+016,2304,,1,4,-1,21300,3300,419,20,20,43211,45214,0,23183105,34802,6.97165278633656E+016,
540,6.97165260959777E+016,2304,,1,4,-1,21300,3300,417,20,20,43211,45214,0,23183106,13612,6.9716526080852E+016,
539,6.97165253828936E+016,2304,,1,4,-1,21300,3300,301,20,20,43211,45214,0,23478017,39957,6.97165253467832E+016,
538,6.97165232880484E+016,2304,,1,4,-1,21300,3300,301,20,20,43211,45214,0,23478017,44708,6.97165232495657E+016,
537,6.97165209440092E+016,2304,,1,4,-1,21300,3300,302,20,20,43211,45214,0,23478019,23413,6.97165207346217E+016,
536,6.97165197165462E+016,2304,,1,4,-1,21300,3300,456,20,20,43211,45214,0,23261442,97999,6.97165196845384E+016,
535,6.97165145784713E+016,2304,,1,4,-1,21300,3300,411,20,20,43211,45214,0,23475201,8383,6.97165145482199E+016,
534,6.97165141390131E+016,2304,,1,4,-1,21300,3300,300,20,20,43211,45214,0,23478018,41488,6.97165141285274E+016,
533,6.97165119638471E+016,2304,,1,4,-1,21300,3300,301,20,20,43211,45214,0,23478017,41072,6.97165119251415E+016,
532,6.97165098101244E+016,2304,,1,4,-1,21300,3300,417,20,20,43211,45214,0,23183106,12882,6.97165097248358E+016,
531,6.9716509135156E+016,2304,,1,4,-1,21300,3300,483,20,20,43211,45214,0,23366915,4995,6.97165090956247E+016,
530,6.97165088732742E+016,2304,,1,4,-1,21300,3300,59,20,20,43211,45214,0,23189761,13277,6.97165087810519E+016,
529,6.971650817681E+016,2304,,1,4,-1,21300,3300,483,20,20,43211,45214,0,23366915,3524,6.97165081505956E+016,
528,6.97165079923655E+016,2304,,1,4,-1,21300,3300,419,20,20,43211,45214,0,23183105,3631,6.971650794206E+016,
527,6.97165078020489E+016,2304,,1,4,-1,21300,3300,483,20,20,43211,45214,0,23366915,19099,6.97165076259799E+016,
526,6.97165068002394E+016,2304,,1,4,-1,21300,3300,419,20,20,43211,45214,0,23183105,11691,6.9716506786988E+016,
525,6.97165061877662E+016,2304,,1,4,-1,21300,3300,301,20,20,43211,45214,0,23478017,4979,6.97165061578424E+016,
524,6.97165059266707E+016,2304,,1,4,-1,21300,3300,419,20,20,43211,45214,0,23183105,38230,6.97165058432696E+016,
523,6.97165039222653E+016,2304,,1,4,-1,21300,3300,417,20,20,43211,45214,0,23183106,50913,6.97165038528102E+016,
522,6.97165012530102E+016,2304,,1,4,-1,21300,3300,301,20,20,43211,45214,0,23478017,104175,6.97164974542029E+016,
521,6.971649579124E+016,2304,,1,4,-1,21300,3300,300,20,20,43211,45214,0,23478018,2939,6.97164957770056E+016,
520,6.97164956372042E+016,2304,,1,4,-1,21300,3300,302,20,20,43211,45214,0,23478019,21566,6.97164955678147E+016,
519,6.97164945064722E+016,2304,,1,4,-1,21300,3300,411,20,20,43211,45214,0,23475201,8864,6.97164942055178E+016,
518,6.97164940417434E+016,2304,,1,4,-1,21300,3300,456,20,20,43211,45214,0,23261442,46807,6.97164935768965E+016,
517,6.97164915877085E+016,2304,,1,4,-1,21300,3300,411,20,20,43211,45214,0,23475201,17139,6.97164914780406E+016,
516,6.97164906891313E+016,2304,,1,4,-1,21300,3300,411,20,20,43211,45214,0,23475201,24350,6.97164905344533E+016,
515,6.97164894125425E+016,2304,,1,4,-1,21300,3300,456,20,20,43211,45214,0,23261442,37858,6.97164893821993E+016,
514,6.97164874276405E+016,2304,,1,4,-1,21300,3300,289,20,20,43211,45214,0,23248385,27328,6.97164873886597E+016,
513,6.97164859948663E+016,2304,,1,4,-1,21300,3300,300,20,20,43211,45214,0,23478018,12587,6.97164859222262E+016,
512,6.97164853346828E+016,2304,,1,4,-1,21300,3300,50,20,20,43211,45214,0,23675915,42426,6.97164852951777E+016,
511,6.97164831105483E+016,2304,,1,4,-1,21300,3300,57,20,20,43211,45214,0,23189771,28969,6.97164830910054E+016,
510,6.97164815916859E+016,2304,,1,4,-1,21300,3300,59,20,20,43211,45214,0,23189761,1517,6.97164815183381E+016,
509,6.9716481512099E+016,2304,,1,4,-1,21300,3300,417,20,20,43211,45214,0,23183106,24586,6.97164814132183E+016,
508,6.97164802228748E+016,2304,,1,4,-1,21300,3300,59,20,20,43211,45214,0,23189761,6188,6.97164801553203E+016,
507,6.97164798988124E+016,2304,,1,4,-1,21300,3300,375,20,20,43211,45214,0,23769347,7591,6.97164797358899E+016,
506,6.97164795005108E+016,2304,,1,4,-1,21300,3300,483,20,20,43211,45214,0,23366915,19684,6.97164793148867E+016,
505,6.97164784688169E+016,2304,,1,4,-1,21300,3300,440,20,20,43211,45214,0,23367682,5161,6.97164783709061E+016,
504,6.97164781982319E+016,2304,,1,4,-1,21300,3300,132,20,20,43211,45214,0,23475971,2003,6.97164781619773E+016,
503,6.97164780931645E+016,2304,,1,4,-1,21300,3300,59,20,20,43211,45214,0,23189761,106715,6.97164780579717E+016,
502,6.97164724982776E+016,2304,,1,4,-1,21300,3300,132,20,20,43211,45214,0,23475971,1434,6.97164723945472E+016,
501,6.97164724229374E+016,2304,,1,4,-1,21300,3300,59,20,20,43211,45214,0,23189761,3440,6.97164723945472E+016,
500,6.97164722427396E+016,2304,,1,4,-1,21300,3300,132,20,20,43211,45214,0,23475971,12759,6.9716472186667E+016,
499,6.97164715738006E+016,2304,,1,4,-1,21300,3300,440,20,20,43211,45214,0,23367682,62179,6.97164715553587E+016,
498,6.97164683138826E+016,2304,,1,4,-1,21300,3300,59,20,20,43211,45214,0,23189761,15536,6.97164682020782E+016,
497,6.97164674993488E+016,2304,,1,4,-1,21300,3300,417,20,20,43211,45214,0,23183106,3818,6.97164673628897E+016,
496,6.97164672990708E+016,2304,,1,4,-1,21300,3300,59,20,20,43211,45214,0,23189761,10757,6.97164672582943E+016,
495,6.97164667348845E+016,2304,,1,4,-1,21300,3300,417,20,20,43211,45214,0,23183106,91105,6.97164666286899E+016,
494,6.97164619586208E+016,2304,,1,4,-1,21300,3300,59,20,20,43211,45214,0,23189761,22205,6.97164619085906E+016,
493,6.97164607944393E+016,2304,,1,4,-1,21300,3300,483,20,20,43211,45214,0,23366915,5419,6.97164604404531E+016,
492,6.971646051038E+016,2304,,1,4,-1,21300,3300,440,20,20,43211,45214,0,23367682,6735,6.97164604404531E+016,
491,6.97164601571672E+016,2304,,1,4,-1,21300,3300,483,20,20,43211,45214,0,23366915,522,6.97164600212849E+016,
490,6.97164601293799E+016,2304,,1,4,-1,21300,3300,375,20,20,43211,45214,0,23769347,1488,6.97164600212849E+016,
489,6.97164600518902E+016,2304,,1,4,-1,21300,3300,419,20,20,43211,45214,0,23183105,43345,6.97164600212849E+016,
488,6.97164577792066E+016,2304,,1,4,-1,21300,3300,483,20,20,43211,45214,0,23366915,1349,6.97164577165804E+016,
487,6.97164577086374E+016,2304,,1,4,-1,21300,3300,375,20,20,43211,45214,0,23769347,10652,6.97164576111329E+016,
486,6.97164571499561E+016,2304,,1,4,-1,21300,3300,483,20,20,43211,45214,0,23366915,12434,6.97164569801523E+016,
485,6.97164564981613E+016,2304,,1,4,-1,21300,3300,133,20,20,43211,45214,0,23475969,2620,6.97164564559954E+016,
484,6.97164563607978E+016,2304,,1,4,-1,21300,3300,483,20,20,43211,45214,0,23366915,44983,6.97164563512033E+016,
483,6.97164540022358E+016,2304,,1,4,-1,21300,3300,133,20,20,43211,45214,0,23475969,265899,6.97164539395441E+016,
482,6.97164400615752E+016,2304,,1,4,-1,21300,3300,483,20,20,43211,45214,0,23366915,33942,6.97164398887567E+016,
481,6.97164382816698E+016,2304,,1,4,-1,21300,3300,485,20,20,43211,45214,0,23366914,2941,6.97164382124114E+016,
480,6.97164381278962E+016,2304,,1,4,-1,21300,3300,133,20,20,43211,45214,0,23475969,30003,6.97164380026307E+016,
479,6.97164365549797E+016,2304,,1,4,-1,21300,3300,483,20,20,43211,45214,0,23366915,37729,6.97164362181509E+016,
478,6.97164345761071E+016,2304,,1,4,-1,21300,3300,133,20,20,43211,45214,0,23475969,44947,6.97164345404948E+016,
477,6.97164322203763E+016,2304,,1,4,-1,21300,3300,483,20,20,43211,45214,0,23366915,4195,6.97164320255509E+016,
476,6.97164320001753E+016,2304,,1,4,-1,21300,3300,440,20,20,43211,45214,0,23367682,3620,6.97164319206277E+016,
475,6.97164318105928E+016,2304,,1,4,-1,21300,3300,483,20,20,43211,45214,0,23366915,18198,6.97164317092741E+016,
474,6.97164308564935E+016,2304,,1,4,-1,21300,3300,59,20,20,43211,45214,0,23189761,36113,6.97164307654902E+016,
473,6.97164289630274E+016,2304,,1,4,-1,21300,3300,417,20,20,43211,45214,0,23183106,11115,6.97164287747686E+016,
472,6.9716428379757E+016,2304,,1,4,-1,21300,3300,57,20,20,43211,45214,0,23189771,28338,6.97164283560591E+016,
471,6.97164268943442E+016,2304,,1,4,-1,21300,3300,301,20,20,43211,45214,0,23478017,13664,6.97164268873974E+016,
470,6.97164261779571E+016,2304,,1,4,-1,21300,3300,300,20,20,43211,45214,0,23478018,10292,6.97164261514936E+016,
469,6.97164256386744E+016,2304,,1,4,-1,21300,3300,50,20,20,43211,45214,0,23675915,49020,6.97164256272712E+016,
468,6.97164230686147E+016,2304,,1,4,-1,21300,3300,300,20,20,43211,45214,0,23478018,14019,6.97164230085182E+016,
467,6.97164223336677E+016,2304,,1,4,-1,21300,3300,456,20,20,43211,45214,0,23261442,3303,6.97164221677568E+016,
466,6.97164221604954E+016,2304,,1,4,-1,21300,3300,300,20,20,43211,45214,0,23478018,5607,6.97164220636856E+016,
465,6.97164218664747E+016,2304,,1,4,-1,21300,3300,411,20,20,43211,45214,0,23475201,13675,6.97164218522665E+016,
464,6.97164211494584E+016,2304,,1,4,-1,21300,3300,412,20,20,43211,45214,0,23475202,20046,6.97164210130125E+016,
463,6.97164200979988E+016,2304,,1,4,-1,21300,3300,290,20,20,43211,45214,0,23248387,10060,6.97164200698184E+016,
462,6.97164195704078E+016,2304,,1,4,-1,21300,3300,412,20,20,43211,45214,0,23475202,4384,6.97164195470377E+016,
461,6.9716419341294E+016,2304,,1,4,-1,21300,3300,289,20,20,43211,45214,0,23248385,10756,6.97164192304988E+016,
460,6.97164187772649E+016,2304,,1,4,-1,21300,3300,300,20,20,43211,45214,0,23478018,5253,6.97164186037125E+016,
459,6.97164185017516E+016,2304,,1,4,-1,21300,3300,289,20,20,43211,45214,0,23248385,165340,6.97164175545467E+016,
458,6.97164098328592E+016,2304,,1,4,-1,21300,3300,300,20,20,43211,45214,0,23478018,1096,6.97164097973125E+016,
457,6.97164097759216E+016,2304,,1,4,-1,21300,3300,456,20,20,43211,45214,0,23261442,31940,6.97164096897024E+016,
456,6.97164081012933E+016,2304,,1,4,-1,21300,3300,289,20,20,43211,45214,0,23248385,114088,6.9716408012374E+016,
455,6.97164021198488E+016,2304,,1,4,-1,21300,3300,290,20,20,43211,45214,0,23248387,14686,6.97164020349665E+016,
454,6.97164013497221E+016,2304,,1,4,-1,21300,3300,289,20,20,43211,45214,0,23248385,5732,6.97164013037158E+016,
453,6.97164010493051E+016,2304,,1,4,-1,21300,3300,456,20,20,43211,45214,0,23261442,1401,6.97164008803533E+016,
452,6.97164009758523E+016,2304,,1,4,-1,21300,3300,300,20,20,43211,45214,0,23478018,46030,6.97164008803533E+016,
451,6.97163985626071E+016,2304,,1,4,-1,21300,3300,290,20,20,43211,45214,0,23248387,36584,6.97163984700703E+016,
450,6.9716396644447E+016,2304,,1,4,-1,21300,3300,288,20,20,43211,45214,0,23248386,41125,6.9716396580864E+016,
449,6.97163944884175E+016,2304,,1,4,-1,21300,3300,289,20,20,43211,45214,0,23248385,20426,6.97163943795098E+016,
448,6.97163934174544E+016,2304,,1,4,-1,21300,3300,61,20,20,43211,45214,0,23189763,17372,6.97163933332275E+016,
447,6.97163925066088E+016,2304,,1,4,-1,21300,3300,50,20,20,43211,45214,0,23675915,51204,6.97163907107389E+016,
446,6.97163898221494E+016,2304,,1,4,-1,21300,3300,50,20,20,43211,45214,0,23675915,39829,6.9716389451137E+016,
445,6.97163877339103E+016,2304,,1,4,-1,21300,3300,50,20,20,43211,45214,0,23675915,34282,6.97163876695409E+016,
444,6.97163859360219E+016,2304,,1,4,-1,21300,3300,61,20,20,43211,45214,0,23189763,2688,6.97163858859786E+016,
443,6.97163857956176E+016,2304,,1,4,-1,19423,1423,61,20,20,43211,45214,0,23189766,46022,6.97163857823662E+016,
442,6.97163833827394E+016,2304,,1,4,-1,19423,1423,58,20,20,43211,45214,0,23189765,11098,6.97163833704448E+016,
441,6.9716382800937E+016,2304,,1,4,-1,21102,3102,58,20,20,43211,45214,0,23189768,40193,6.97163827399229E+016,
440,6.97163806935613E+016,2304,,1,4,-1,21102,3102,132,20,20,43211,45214,0,23475977,3000,6.97163806430986E+016,
439,6.97163805363274E+016,2304,,1,4,-1,21300,3300,207,20,20,43211,45215,0,23750145,54502,6.97163804346941E+016,
438,6.97163776788529E+016,2304,,1,4,-1,21300,3300,58,20,20,43211,45214,0,23189762,6038,6.97163730943345E+016,
437,6.97163773622878E+016,2304,,1,4,-1,21300,3300,137,20,20,43211,45214,0,23367427,87067,6.97163730943345E+016,
436,6.97163727974695E+016,2304,,1,4,-1,21300,3300,58,20,20,43211,45214,0,23189762,7892,6.97163727802204E+016,
435,6.97163723837014E+016,2304,,1,4,-1,21300,3300,137,20,20,43211,45214,0,23367427,54059,6.97163723611177E+016,
434,6.97163695494529E+016,2304,,1,4,-1,21300,3300,132,20,20,43211,45214,0,23475971,19419,6.97163694230733E+016,
433,6.97163685313905E+016,2304,,1,4,-1,21300,3300,59,20,20,43211,45214,0,23189761,56793,6.97163680630702E+016,
432,6.97163655538016E+016,2304,,1,4,-1,21300,3300,132,20,20,43211,45214,0,23475971,59052,6.97163654407782E+016,
431,6.97163624577237E+016,2304,,1,4,-1,21300,3300,59,20,20,43211,45214,0,23189761,31995,6.97163623980073E+016,
430,6.97163607802642E+016,2304,,1,4,-1,21300,3300,58,20,20,43211,45214,0,23189762,33454,6.9716360617132E+016,
429,6.97163590263636E+016,2304,,1,4,-1,21300,3300,61,20,20,43211,45214,0,23189763,1949,6.97163589377065E+016,
428,6.97163589241799E+016,2304,,1,4,-1,19423,1423,61,20,20,43211,45214,0,23189766,10041,6.971635883298E+016,
427,6.9716358397218E+016,2304,,1,4,-1,19423,1423,61,20,20,43211,45214,0,23189766,11168,6.97163578934559E+016,
426,6.9716357812165E+016,2304,,1,4,-1,19423,1423,50,20,20,43211,45214,0,23675918,6544,6.97163576796119E+016,
425,6.9716357469071E+016,2304,,1,4,-1,19423,1423,61,20,20,43211,45214,0,23189766,54261,6.97163573651046E+016,
424,6.97163546238124E+016,2304,,1,4,-1,21102,3102,289,20,20,43211,45214,0,23248391,52453,6.97163544310579E+016,
423,6.97163518741316E+016,2304,,1,4,-1,21102,3102,288,20,20,43211,45214,0,23248392,3834,6.97163518075208E+016,
422,6.9716351673172E+016,2304,,1,4,-1,19423,1423,289,20,20,43211,45214,0,23248388,31129,6.9716351599575E+016,
421,6.97163500411159E+016,2304,,1,4,-1,19423,1423,289,20,20,43211,45214,0,23248388,16498,6.97163499219845E+016,
420,6.97163491761979E+016,2304,,1,4,-1,19423,1423,290,20,20,43211,45214,0,23248390,765,6.97163484540437E+016,
419,6.97163491360899E+016,2304,,1,4,-1,19423,1423,289,20,20,43211,45214,0,23248388,78775,6.97163484540437E+016,
418,6.97163450059588E+016,2304,,1,4,-1,21102,3102,289,20,20,43211,45214,0,23248391,17283,6.97163449928253E+016,
417,6.97163440995172E+016,2304,,1,4,-1,21300,3300,289,20,20,43211,45214,0,23248385,8815,6.97163439447736E+016,
416,6.97163436375146E+016,2304,,1,4,-1,21300,3300,50,20,20,43211,45214,0,23675915,44811,6.97163433148416E+016,
415,6.97163412883374E+016,2304,,1,4,-1,21300,3300,57,20,20,43211,45214,0,23189771,80696,6.97163412190003E+016,
414,6.97163370574905E+016,2304,,1,4,-1,21300,3300,59,20,20,43211,45214,0,23189761,75063,6.97163369190523E+016,
413,6.971633312208E+016,2304,,1,4,-1,21300,3300,132,20,20,43211,45214,0,23475971,40631,6.97163330374861E+016,
412,6.97163309914784E+016,2304,,1,4,-1,21300,3300,133,20,20,43211,45214,0,23475969,38343,6.97163308357386E+016,
411,6.97163289814106E+016,2304,,1,4,-1,21300,3300,485,20,20,43211,45214,0,23366914,144752,6.97163289499402E+016,
410,6.97163213923418E+016,2304,,1,4,-1,21300,3300,483,20,20,43211,45214,0,23366915,8464,6.97163212951388E+016,
409,6.97163209485845E+016,2304,,1,4,-1,21300,3300,419,20,20,43211,45214,0,23183105,1423,6.97163204566712E+016,
408,6.97163208737161E+016,2304,,1,4,-1,21300,3300,483,20,20,43211,45214,0,23366915,3836,6.97163204566712E+016,
407,6.97163206728614E+016,2304,,1,4,-1,21300,3300,419,20,20,43211,45214,0,23183105,3923,6.97163204566712E+016,
406,6.97163204671308E+016,2304,,1,4,-1,21300,3300,440,20,20,43211,45214,0,23367682,72647,6.97163204566712E+016,
405,6.9716316658126E+016,2304,,1,4,-1,21300,3300,483,20,20,43211,45214,0,23366915,9420,6.97163165766779E+016,
404,6.97163161645613E+016,2304,,1,4,-1,21300,3300,133,20,20,43211,45214,0,23475969,91991,6.97163160521933E+016,
403,6.97163113415311E+016,2304,,1,4,-1,21300,3300,485,20,20,43211,45214,0,23366914,98814,6.9716311227564E+016,
402,6.97163061608317E+016,2304,,1,4,-1,21300,3300,483,20,20,43211,45214,0,23366915,183415,6.97163059861914E+016,
401,6.97162965446558E+016,2304,,1,4,-1,21300,3300,485,20,20,43211,45214,0,23366914,134166,6.97162266059735E+016,
400,6.9716289510441E+016,2304,,1,4,-1,21300,3300,485,20,20,43211,45214,0,23366914,36015,6.97162266059735E+016,
399,6.97162876222702E+016,2304,,1,4,-1,21300,3300,485,20,20,43211,45214,0,23366914,47681,6.97162266059735E+016,
398,6.97162851223601E+016,2304,,1,4,-1,21300,3300,485,20,20,43211,45214,0,23366914,45136,6.97162266059735E+016,
397,6.97162827559338E+016,2304,,1,4,-1,21300,3300,485,20,20,43211,45214,0,23366914,42554,6.97162266059735E+016,
396,6.97162805248786E+016,2304,,1,4,-1,21300,3300,485,20,20,43211,45214,0,23366914,37388,6.97162266059735E+016,
395,6.97162785647231E+016,2304,,1,4,-1,21300,3300,485,20,20,43211,45214,0,23366914,40049,6.97162266059735E+016,
394,6.97162764649497E+016,2304,,1,4,-1,21300,3300,485,20,20,43211,45214,0,23366914,50340,6.97162266059735E+016,
393,6.97162738257363E+016,2304,,1,4,-1,21300,3300,485,20,20,43211,45214,0,23366914,40527,6.97162266059735E+016,
392,6.97162717009019E+016,2304,,1,4,-1,21300,3300,485,20,20,43211,45214,0,23366914,48039,6.97162266059735E+016,
391,6.97162691822748E+016,2304,,1,4,-1,21300,3300,485,20,20,43211,45214,0,23366914,35826,6.97162266059735E+016,
390,6.97162673039606E+016,2304,,1,4,-1,21300,3300,485,20,20,43211,45214,0,23366914,48009,6.97162266059735E+016,
389,6.97162647869063E+016,2304,,1,4,-1,21300,3300,485,20,20,43211,45214,0,23366914,82541,6.97162266059735E+016,
388,6.97162604593807E+016,2304,,1,4,-1,21300,3300,485,20,20,43211,45214,0,23366914,31700,6.97162266059735E+016,
387,6.97162587973878E+016,2304,,1,4,-1,21300,3300,485,20,20,43211,45214,0,23366914,54089,6.97162266059735E+016,
386,6.97162559615664E+016,2304,,1,4,-1,21300,3300,485,20,20,43211,45214,0,23366914,27815,6.97162266059735E+016,
385,6.97162545032593E+016,2304,,1,4,-1,21300,3300,485,20,20,43211,45214,0,23366914,44800,6.97162266059735E+016,
384,6.97162521544491E+016,2304,,1,4,-1,21300,3300,485,20,20,43211,45214,0,23366914,87050,6.97162266059735E+016,
383,6.97162475905221E+016,2304,,1,4,-1,21300,3300,485,20,20,43211,45214,0,23366914,46558,6.97162266059735E+016,
382,6.97162451495944E+016,2304,,1,4,-1,21300,3300,485,20,20,43211,45214,0,23366914,42081,6.97162266059735E+016,
381,6.97162429432857E+016,2304,,1,4,-1,21300,3300,485,20,20,43211,45214,0,23366914,45428,6.97162266059735E+016,
380,6.97162405615501E+016,2304,,1,4,-1,21300,3300,485,20,20,43211,45214,0,23366914,29134,6.97162266059735E+016,
379,6.97162390341419E+016,2304,,1,4,-1,21300,3300,485,20,20,43211,45214,0,23366914,52451,6.97162266059735E+016,
378,6.97162362841465E+016,2304,,1,4,-1,21300,3300,485,20,20,43211,45214,0,23366914,43847,6.97162266059735E+016,
377,6.97162339853533E+016,2304,,1,4,-1,21300,3300,485,20,20,43211,45214,0,23366914,39385,6.97162266059735E+016,
376,6.9716231920445E+016,2304,,1,4,-1,21300,3300,485,20,20,43211,45214,0,23366914,36818,6.97162266059735E+016,
375,6.9716229990069E+016,2304,,1,4,-1,21300,3300,485,20,20,43211,45214,0,23366914,38703,6.97162266059735E+016,
374,6.97162279609696E+016,2304,,1,4,-1,21300,3300,485,20,20,43211,45214,0,23366914,43884,6.97162266059735E+016,
373,6.97162256601317E+016,2304,,1,4,-1,21300,3300,485,20,20,43211,45214,0,23366914,41016,6.97162254533919E+016,
372,6.97162235094499E+016,2304,,1,4,-1,21300,3300,485,20,20,43211,45214,0,23366914,10026,6.9716223461163E+016,
371,6.97162229841134E+016,2304,,1,4,-1,21300,3300,376,20,20,43211,45214,0,23769346,23011,6.97161899073864E+016,
370,6.97162217776218E+016,2304,,1,4,-1,21300,3300,485,20,20,43211,45214,0,23366914,4844,6.97161899073864E+016,
369,6.97162215236567E+016,2304,,1,4,-1,21300,3300,376,20,20,43211,45214,0,23769346,100804,6.97161899073864E+016,
368,6.9716216238624E+016,2304,,1,4,-1,21300,3300,485,20,20,43211,45214,0,23366914,5947,6.97161899073864E+016,
367,6.97162159268299E+016,2304,,1,4,-1,21300,3300,376,20,20,43211,45214,0,23769346,113960,6.97161899073864E+016,
366,6.97162099520438E+016,2304,,1,4,-1,21300,3300,485,20,20,43211,45214,0,23366914,3821,6.97161899073864E+016,
365,6.97162097517658E+016,2304,,1,4,-1,19423,1423,376,20,20,43211,45214,0,23769349,143042,6.97161899073864E+016,
364,6.9716202252193E+016,2304,,1,4,-1,19423,1423,376,20,20,43211,45214,0,23769349,566,6.97161899073864E+016,
363,6.97162022223086E+016,2304,,1,4,-1,19423,1423,484,20,20,43211,45214,0,23366916,51529,6.97161899073864E+016,
362,6.97161995208622E+016,2304,,1,4,-1,21300,3300,485,20,20,43211,45214,0,23366914,3803,6.97161899073864E+016,
361,6.97161993215279E+016,2304,,1,4,-1,21300,3300,376,20,20,43211,45214,0,23769346,169661,6.97161899073864E+016,
360,6.97161904264053E+016,2304,,1,4,-1,21300,3300,485,20,20,43211,45214,0,23366914,25159,6.97161899073864E+016,
359,6.97161891073491E+016,2304,,1,4,-1,21300,3300,485,20,20,43211,45214,0,23366914,31266,6.97161890669527E+016,
358,6.97161874681627E+016,2304,,1,4,-1,21300,3300,484,20,20,43211,45214,0,23366913,25192,6.97161869715046E+016,
357,6.97161861473239E+016,2304,,1,4,-1,21300,3300,376,20,20,43211,45214,0,23769346,54622,6.97161859229286E+016,
356,6.97161832836104E+016,2304,,1,4,-1,21300,3300,485,20,20,43211,45214,0,23366914,39890,6.97161811001344E+016,
355,6.97161811921732E+016,2304,,1,4,-1,21300,3300,485,20,20,43211,45214,0,23366914,86296,6.97161811001344E+016,
354,6.97161766678299E+016,2304,,1,4,-1,21300,3300,376,20,20,43211,45214,0,23769346,35838,6.97161765907333E+016,
353,6.97161747888865E+016,2304,,1,4,-1,21300,3300,376,20,20,43211,45214,0,23769346,2996,6.97161747038208E+016,
352,6.97161746318098E+016,2304,,1,4,-1,21300,3300,375,20,20,43211,45214,0,23769347,13658,6.97161745986355E+016,
351,6.97161739157373E+016,2304,,1,4,-1,21300,3300,375,20,20,43211,45214,0,23769347,1891,6.97161738636493E+016,
350,6.97161738165944E+016,2304,,1,4,-1,19423,1423,375,20,20,43211,45214,0,23769350,30101,6.97161737575465E+016,
349,6.97161722382254E+016,2304,,1,4,-1,19423,1423,375,20,20,43211,45214,0,23769350,2053,6.97161721873695E+016,
348,6.97161721307464E+016,2304,,1,4,-1,19423,1423,440,20,20,43211,45214,0,23367685,2509,6.97161720802836E+016,
347,6.97161719989404E+016,2304,,1,4,-1,19423,1423,375,20,20,43211,45214,0,23769350,3350,6.97161719767368E+016,
346,6.97161718234087E+016,2304,,1,4,-1,19423,1423,440,20,20,43211,45214,0,23367685,1421,6.97161717697085E+016,
345,6.97161717485404E+016,2304,,1,4,-1,19423,1423,375,20,20,43211,45214,0,23769350,37243,6.97161715561923E+016,
344,6.97161697964065E+016,2304,,1,4,-1,19423,1423,440,20,20,43211,45214,0,23367685,1147,6.97161697739407E+016,
343,6.97161697362182E+016,2304,,1,4,-1,19423,1423,419,20,20,43211,45214,0,23183108,37294,6.9716169670656E+016,
342,6.97161677810958E+016,2304,,1,4,-1,21102,3102,418,20,20,43211,45214,0,23183113,3805,6.97161673620849E+016,
341,6.97161675816043E+016,2304,,1,4,-1,19423,1423,418,20,20,43211,45214,0,23183110,36173,6.97161673620849E+016,
340,6.97161656850448E+016,2304,,1,4,-1,19423,1423,418,20,20,43211,45214,0,23183110,76743,6.97161655809475E+016,
339,6.97161616615539E+016,2304,,1,4,-1,19423,1423,301,20,20,43211,45214,0,23478020,115189,6.97161615998976E+016,
338,6.97161556215988E+016,2304,,1,4,-1,19423,1423,456,20,20,43211,45214,0,23261445,72944,6.97161556214415E+016,
337,6.9716151797914E+016,2304,,1,4,-1,19423,1423,455,20,20,43211,45214,0,23261444,3433,6.97161516340347E+016,
336,6.97161516179784E+016,2304,,1,4,-1,19423,1423,301,20,20,43211,45214,0,23478020,8248,6.97161515300946E+016,
335,6.97161511854932E+016,2304,,1,4,-1,19423,1423,418,20,20,43211,45214,0,23183110,1355,6.97161511097467E+016,
334,6.971615111419E+016,2304,,1,4,-1,19423,1423,497,20,20,43211,45214,0,23367941,11651,6.97161511097467E+016,
333,6.97161505034469E+016,2304,,1,4,-1,19423,1423,375,20,20,43211,45214,0,23769350,25870,6.97161504804045E+016,
332,6.97161491472712E+016,2304,,1,4,-1,19423,1423,418,20,20,43211,45214,0,23183110,3163,6.97161491171246E+016,
331,6.97161489814389E+016,2304,,1,4,-1,19423,1423,375,20,20,43211,45214,0,23769350,5404,6.97161489102275E+016,
330,6.97161486974321E+016,2304,,1,4,-1,19423,1423,418,20,20,43211,45214,0,23183110,10377,6.97161486971044E+016,
329,6.971614815406E+016,2304,,1,4,-1,19423,1423,455,20,20,43211,45214,0,23261444,9085,6.97161480684175E+016,
328,6.97161476769055E+016,2304,,1,4,-1,19423,1423,438,20,20,43211,45214,0,23367686,1956,6.97161476498391E+016,
327,6.9716147575246E+016,2304,,1,4,-1,19423,1423,440,20,20,43211,45214,0,23367685,11850,6.97161475441295E+016,
326,6.97161469532307E+016,2304,,1,4,-1,21300,3300,438,20,20,43211,45214,0,23367683,8521,6.97161469184573E+016,
325,6.97161465071665E+016,2304,,1,4,-1,21300,3300,418,20,20,43211,45214,0,23183107,45567,6.97161463920722E+016,
324,6.97161441179337E+016,2304,,1,4,-1,21300,3300,438,20,20,43211,45214,0,23367683,42928,6.97161440834355E+016,
323,6.97161418669556E+016,2304,,1,4,-1,21300,3300,440,20,20,43211,45214,0,23367682,8181,6.97161417779446E+016,
322,6.97161414386123E+016,2304,,1,4,-1,21300,3300,438,20,20,43211,45214,0,23367683,59132,6.97161413577933E+016,
321,6.97161383383401E+016,2304,,1,4,-1,21300,3300,375,20,20,43211,45214,0,23769347,54536,6.97161381064868E+016,
320,6.97161354790306E+016,2304,,1,4,-1,21300,3300,377,20,20,43211,45214,0,23769345,28817,6.97161353816965E+016,
319,6.97161339677704E+016,2304,,1,4,-1,21300,3300,342,20,20,43211,45214,0,23114242,23040,6.971613338914E+016,
318,6.97161327600206E+016,2304,,1,4,-1,21300,3300,342,20,20,43211,45214,0,23114242,35408,6.97161326553989E+016,
317,6.97161309038838E+016,2304,,1,4,-1,21300,3300,376,20,20,43211,45214,0,23769346,18320,6.97161308707881E+016,
316,6.97161299433882E+016,2304,,1,4,-1,21300,3300,377,20,20,43211,45214,0,23769345,14729,6.97161299278561E+016,
315,6.97161291711644E+016,2304,,1,4,-1,21300,3300,375,20,20,43211,45214,0,23769347,66151,6.971612898381E+016,
314,6.97161257029468E+016,2304,,1,4,-1,21300,3300,375,20,20,43211,45214,0,23769347,6305,6.97161256299397E+016,
313,6.97161253724357E+016,2304,,1,4,-1,21300,3300,440,20,20,43211,45214,0,23367682,31071,6.97161252088709E+016,
312,6.97161237425291E+016,2304,,1,4,-1,21300,3300,375,20,20,43211,45214,0,23769347,24679,6.97161237426995E+016,
311,6.97161224495301E+016,2304,,1,4,-1,21300,3300,418,20,20,43211,45214,0,23183107,60263,6.97161223793541E+016,
310,6.97161192899609E+016,2304,,1,4,-1,21300,3300,418,20,20,43211,45214,0,23183107,35543,6.97161192338227E+016,
309,6.9716117426117E+016,2304,,1,4,-1,21300,3300,301,20,20,43211,45214,0,23478017,1250,6.97161173447475E+016,
308,6.97161173606859E+016,2304,,1,4,-1,21300,3300,418,20,20,43211,45214,0,23183107,70794,6.97161173447475E+016,
307,6.97161136489366E+016,2304,,1,4,-1,21300,3300,456,20,20,43211,45214,0,23261442,7253,6.97161134640988E+016,
306,6.9716113268985E+016,2304,,1,4,-1,21300,3300,454,20,20,43211,45214,0,23261443,29491,6.97161132568085E+016,
305,6.97161117229122E+016,2304,,1,4,-1,21300,3300,456,20,20,43211,45214,0,23261442,28961,6.97161116836168E+016,
304,6.97161102041023E+016,2304,,1,4,-1,21300,3300,456,20,20,43211,45214,0,23261442,14496,6.97161101107528E+016,
303,6.97161094443041E+016,2304,,1,4,-1,21300,3300,302,20,20,43211,45214,0,23478019,29212,6.97161093768806E+016,
302,6.97161079127015E+016,2304,,1,4,-1,21300,3300,301,20,20,43211,45214,0,23478017,8855,6.97161079092675E+016,
301,6.97161074487067E+016,2304,,1,4,-1,21300,3300,418,20,20,43211,45214,0,23183107,38128,6.971610738321E+016,
300,6.97161054496489E+016,2304,,1,4,-1,21300,3300,418,20,20,43211,45214,0,23183107,96709,6.97161052876309E+016,
299,6.97161003791548E+016,2304,,1,4,-1,21300,3300,419,20,20,43211,45214,0,23183105,8844,6.97161001479045E+016,
298,6.97160999156318E+016,2304,,1,4,-1,21300,3300,440,20,20,43211,45214,0,23367682,8769,6.97160527531213E+016,
297,6.97160994557788E+016,2304,,1,4,-1,21300,3300,375,20,20,43211,45214,0,23769347,45902,6.97160527531213E+016,
296,6.97160970493493E+016,2304,,1,4,-1,21300,3300,440,20,20,43211,45214,0,23367682,20918,6.97160527531213E+016,
295,6.97160959525913E+016,2304,,1,4,-1,21300,3300,375,20,20,43211,45214,0,23769347,200399,6.97160527531213E+016,
294,6.97160854459122E+016,2304,,1,4,-1,21300,3300,375,20,20,43211,45214,0,23769347,79884,6.97160527531213E+016,
293,6.97160812577423E+016,2304,,1,4,-1,21300,3300,440,20,20,43211,45214,0,23367682,109761,6.97160527531213E+016,
292,6.97160755030524E+016,2304,,1,4,-1,21300,3300,419,20,20,43211,45214,0,23183105,54802,6.97160527531213E+016,
291,6.97160726296396E+016,2304,,1,4,-1,21300,3300,375,20,20,43211,45214,0,23769347,28493,6.97160527531213E+016,
290,6.97160711359955E+016,2304,,1,4,-1,21300,3300,419,20,20,43211,45214,0,23183105,175350,6.97160527531213E+016,
289,6.97160619425006E+016,2304,,1,4,-1,21300,3300,375,20,20,43211,45214,0,23769347,10579,6.97160527531213E+016,
288,6.97160613878563E+016,2304,,1,4,-1,21300,3300,419,20,20,43211,45214,0,23183105,19856,6.97160527531213E+016,
287,6.97160603469349E+016,2304,,1,4,-1,21300,3300,440,20,20,43211,45214,0,23367682,60609,6.97160527531213E+016,
286,6.97160571693302E+016,2304,,1,4,-1,21300,3300,375,20,20,43211,45214,0,23769347,70785,6.97160527531213E+016,
285,6.97160534581576E+016,2304,,1,4,-1,21300,3300,440,20,20,43211,45214,0,23367682,10233,6.97160527531213E+016,
284,6.97160529213915E+016,2304,,1,4,-1,21300,3300,419,20,20,43211,45214,0,23183105,7432,6.97160527531213E+016,
283,6.97160525320028E+016,2304,,1,4,-1,21300,3300,440,20,20,43211,45214,0,23367682,41706,6.97160524406456E+016,
282,6.97160503453549E+016,2304,,1,4,-1,21300,3300,375,20,20,43211,45214,0,23769347,5143,6.97160503415931E+016,
281,6.97160500757135E+016,2304,,1,4,-1,21300,3300,484,20,20,43211,45214,0,23366913,4608,6.97160500270858E+016,
280,6.97160498338595E+016,2304,,1,4,-1,21300,3300,375,20,20,43211,45214,0,23769347,16747,6.9716049819009E+016,
279,6.97160489557295E+016,2304,,1,4,-1,21300,3300,484,20,20,43211,45214,0,23366913,87169,6.9716048875094E+016,
278,6.9716044385878E+016,2304,,1,4,-1,21300,3300,376,20,20,43211,45214,0,23769346,2477,6.97160442599178E+016,
277,6.97160442561167E+016,2304,,1,4,-1,21300,3300,189,20,20,43211,45214,0,23370243,17142,6.97160440502026E+016,
276,6.9716043357225E+016,2304,,1,4,-1,21300,3300,485,20,20,43211,45214,0,23366914,25120,6.97160433161339E+016,
275,6.97160420403184E+016,2304,,1,4,-1,21300,3300,376,20,20,43211,45214,0,23769346,13534,6.97160419527885E+016,
274,6.97160413307994E+016,2304,,1,4,-1,21300,3300,484,20,20,43211,45214,0,23366913,34783,6.97160411155005E+016,
273,6.9716039507116E+016,2304,,1,4,-1,21300,3300,484,20,20,43211,45214,0,23366913,83944,6.971603943791E+016,
272,6.97160351056658E+016,2304,,1,4,-1,21300,3300,483,20,20,43211,45214,0,23366915,13616,6.97160350337598E+016,
271,6.97160343922147E+016,2304,,1,4,-1,21300,3300,375,20,20,43211,45214,0,23769347,44079,6.97160342982492E+016,
270,6.97160320812057E+016,2304,,1,4,-1,21300,3300,440,20,20,43211,45214,0,23367682,20268,6.97160319933481E+016,
269,6.97160310185787E+016,2304,,1,4,-1,21300,3300,419,20,20,43211,45214,0,23183105,68650,6.97160309444444E+016,
268,6.97160274192892E+016,2304,,1,4,-1,21300,3300,417,20,20,43211,45214,0,23183106,28479,6.97160273799414E+016,
267,6.97160259262218E+016,2304,,1,4,-1,21300,3300,301,20,20,43211,45214,0,23478017,44815,6.97160258053079E+016,
266,6.97160235764679E+016,2304,,1,4,-1,21300,3300,302,20,20,43211,45214,0,23478019,2221,6.97160233937797E+016,
265,6.97160234601284E+016,2304,,1,4,-1,21300,3300,456,20,20,43211,45214,0,23261442,40040,6.97160233937797E+016,
264,6.97160213608792E+016,2304,,1,4,-1,21300,3300,456,20,20,43211,45214,0,23261442,9034,6.97160211919012E+016,
263,6.97160208872374E+016,2304,,1,4,-1,21300,3300,302,20,20,43211,45214,0,23478019,819,6.97160208813916E+016,
262,6.97160208442982E+016,2304,,1,4,-1,21300,3300,454,20,20,43211,45214,0,23261443,19707,6.97160207744369E+016,
261,6.9716019810979E+016,2304,,1,4,-1,21300,3300,456,20,20,43211,45214,0,23261442,48501,6.97160195143107E+016,
260,6.97160172682871E+016,2304,,1,4,-1,21300,3300,302,20,20,43211,45214,0,23478019,10028,6.97160172087542E+016,
259,6.97160167424262E+016,2304,,1,4,-1,21300,3300,302,20,20,43211,45214,0,23478019,31722,6.97160166826312E+016,
258,6.97160150793323E+016,2304,,1,4,-1,21300,3300,301,20,20,43211,45214,0,23478017,21742,6.97160144818012E+016,
257,6.97160139394253E+016,2304,,1,4,-1,21300,3300,301,20,20,43211,45214,0,23478017,57546,6.9716013851607E+016,
256,6.97160109218857E+016,2304,,1,4,-1,21300,3300,417,20,20,43211,45214,0,23183106,33827,6.97160109169705E+016,
255,6.97160091488485E+016,2304,,1,4,-1,21300,3300,419,20,20,43211,45214,0,23183105,4080,6.97160091355054E+016,
254,6.97160089348866E+016,2304,,1,4,-1,21300,3300,440,20,20,43211,45214,0,23367682,468945,6.97160089267077E+016,
253,6.97159843487154E+016,2304,,1,4,-1,21300,3300,483,20,20,43211,45214,0,23366915,43235,6.97159826055496E+016,
252,6.97159820819038E+016,2304,,1,4,-1,21300,3300,483,20,20,43211,45214,0,23366915,131122,6.97159819745034E+016,
251,6.97159752073347E+016,2304,,1,4,-1,21300,3300,375,20,20,43211,45214,0,23769347,1585,6.97159723310776E+016,
250,6.97159751243399E+016,2304,,1,4,-1,18550,550,375,10,10,43211,45214,0,23769367,46179,6.97159723310776E+016,
249,6.97159727032304E+016,2304,,1,4,-1,18550,550,375,10,10,43211,45214,0,23769367,9350,6.97159723310776E+016,
248,6.97159722129162E+016,2304,,1,4,-1,21300,3300,375,20,20,43211,45214,0,23769347,23441,6.97159721210348E+016,
247,6.97159709840376E+016,2304,,1,4,-1,21300,3300,439,20,20,43211,45214,0,23367681,1077,6.97159709748757E+016,
246,6.97159709275193E+016,2304,,1,4,-1,21300,3300,375,20,20,43211,45214,0,23769347,5040,6.97159707553301E+016,
245,6.97159706629112E+016,2304,,1,4,-1,18550,550,439,10,10,43211,45214,0,23367701,16761,6.97159706519798E+016,
244,6.97159697845191E+016,2304,,1,4,-1,18550,550,439,10,10,43211,45214,0,23367701,31253,6.97159697080648E+016,
243,6.97159681458045E+016,2304,,1,4,-1,18550,550,375,10,10,43211,45214,0,23769367,42190,6.97159681346765E+016,
242,6.97159659339383E+016,2304,,1,4,-1,21102,3102,483,20,20,43211,45214,0,23366921,2537,6.97159659316838E+016,
241,6.97159658009788E+016,2304,,1,4,-1,21102,3102,484,20,20,43211,45214,0,23366919,3648,6.97159657226895E+016,
240,6.9715965609771E+016,2304,,1,4,-1,18550,550,484,10,10,43211,45214,0,23366933,33117,6.97159655153992E+016,
239,6.97159638710747E+016,2304,,1,4,-1,18550,550,484,10,10,43211,45214,0,23366933,39787,6.97159638364979E+016,
238,6.97159617872921E+016,2304,,1,4,-1,19423,1423,485,20,20,43211,45214,0,23366917,417,6.97159595370742E+016,
237,6.97159617651671E+016,2304,,1,4,-1,19423,1423,484,20,20,43211,45214,0,23366916,45439,6.97159595370742E+016,
236,6.97159593830646E+016,2304,,1,4,-1,21300,3300,485,20,20,43211,45214,0,23366914,37691,6.97159593259172E+016,
235,6.97159574072328E+016,2304,,1,4,-1,21300,3300,376,20,20,43211,45214,0,23769346,82384,6.97159573332951E+016,
234,6.97159530878861E+016,2304,,1,4,-1,21300,3300,342,20,20,43211,45214,0,23114242,5204,6.97159530338058E+016,
233,6.97159528150467E+016,2304,,1,4,-1,21300,3300,377,20,20,43211,45214,0,23769345,1476,6.97159526174556E+016,
232,6.97159527376618E+016,2304,,1,4,-1,21300,3300,344,20,20,43211,45214,0,23114243,9158,6.97159526174556E+016,
231,6.97159522573615E+016,2304,,1,4,-1,21300,3300,342,20,20,43211,45214,0,23114242,18509,6.9715952197632E+016,
230,6.97159512871666E+016,2304,,1,4,-1,21300,3300,439,20,20,43211,45214,0,23367681,4546,6.97159511468933E+016,
229,6.97159510487728E+016,2304,,1,4,-1,21300,3300,377,20,20,43211,45214,0,23769345,2238,6.9715951041708E+016,
228,6.97159509314372E+016,2304,,1,4,-1,21300,3300,375,20,20,43211,45214,0,23769347,4110,6.97159508325827E+016,
227,6.97159507160072E+016,2304,,1,4,-1,19423,1423,439,20,20,43211,45214,0,23367684,38056,6.97159506243748E+016,
226,6.97159487207244E+016,2304,,1,4,-1,19423,1423,439,20,20,43211,45214,0,23367684,2977,6.97159486305731E+016,
225,6.9715948564539E+016,2304,,1,4,-1,19423,1423,438,20,20,43211,45214,0,23367686,1352,6.97159485274194E+016,
224,6.97159484936553E+016,2304,,1,4,-1,19423,1423,439,20,20,43211,45214,0,23367684,50662,6.97159484218409E+016,
223,6.97159458376122E+016,2304,,1,4,-1,19423,1423,438,20,20,43211,45214,0,23367686,11364,6.97159457989591E+016,
222,6.97159452413919E+016,2304,,1,4,-1,19423,1423,418,20,20,43211,45214,0,23183110,4135,6.9715945172566E+016,
221,6.97159450249658E+016,2304,,1,4,-1,19423,1423,438,20,20,43211,45214,0,23367686,26821,6.97159448577966E+016,
220,6.97159436188254E+016,2304,,1,4,-1,19423,1423,418,20,20,43211,45214,0,23183110,75648,6.97159435991777E+016,
219,6.97159396526916E+016,2304,,1,4,-1,21102,3102,419,20,20,43211,45214,0,23183111,9724,6.9715939613868E+016,
218,6.97159391429263E+016,2304,,1,4,-1,21102,3102,417,20,20,43211,45214,0,23183112,38105,6.97159390891213E+016,
217,6.97159371450745E+016,2304,,1,4,-1,21102,3102,417,20,20,43211,45214,0,23183112,36185,6.97159370947953E+016,
216,6.97159352478859E+016,2304,,1,4,-1,21102,3102,417,20,20,43211,45214,0,23183112,2629,6.97159352087347E+016,
215,6.97159351099982E+016,2304,,1,4,-1,21102,3102,59,20,20,43211,45214,0,23189767,4756,6.97159351026975E+016,
214,6.97159348608041E+016,2304,,1,4,-1,21102,3102,57,20,20,43211,45214,0,23189777,24624,6.9715934795137E+016,
213,6.971593356964E+016,2304,,1,4,-1,21102,3102,59,20,20,43211,45214,0,23189767,16949,6.97159335300301E+016,
212,6.97159326810767E+016,2304,,1,4,-1,21102,3102,58,20,20,43211,45214,0,23189768,1963,6.97159317479752E+016,
211,6.97159325782114E+016,2304,,1,4,-1,19423,1423,58,20,20,43211,45214,0,23189765,16950,6.97159317479752E+016,
210,6.97159316894908E+016,2304,,1,4,-1,19423,1423,58,20,20,43211,45214,0,23189765,573,6.97159315355075E+016,
209,6.9715931659554E+016,2304,,1,4,-1,19423,1423,61,20,20,43211,45214,0,23189766,24129,6.97159315355075E+016,
208,6.97159303942373E+016,2304,,1,4,-1,21300,3300,58,20,20,43211,45214,0,23189762,22472,6.97159303824671E+016,
207,6.97159292163195E+016,2304,,1,4,-1,21300,3300,132,20,20,43211,45214,0,23475971,7366,6.9715929019646E+016,
206,6.97159288300765E+016,2304,,1,4,-1,21300,3300,59,20,20,43211,45214,0,23189761,10974,6.97159288116347E+016,
205,6.97159282547753E+016,2304,,1,4,-1,21300,3300,132,20,20,43211,45214,0,23475971,18213,6.97159281807196E+016,
204,6.97159272998896E+016,2304,,1,4,-1,21300,3300,440,20,20,43211,45214,0,23367682,22276,6.97159272385741E+016,
203,6.97159261319856E+016,2304,,1,4,-1,21300,3300,483,20,20,43211,45214,0,23366915,808,6.97159260855992E+016,
202,6.97159260895183E+016,2304,,1,4,-1,21300,3300,440,20,20,43211,45214,0,23367682,2808,6.97159260855992E+016,
201,6.97159259417215E+016,2304,,1,4,-1,21300,3300,419,20,20,43211,45214,0,23183105,516,6.97159258747699E+016,
200,6.9715925915245E+016,2304,,1,4,-1,21300,3300,440,20,20,43211,45214,0,23367682,2509,6.97159258747699E+016,
199,6.97159257837535E+016,2304,,1,4,-1,21300,3300,483,20,20,43211,45214,0,23366915,9988,6.97159257699123E+016,
198,6.97159252598325E+016,2304,,1,4,-1,21300,3300,419,20,20,43211,45214,0,23183105,29950,6.97159251414221E+016,
197,6.97159236895375E+016,2304,,1,4,-1,21300,3300,440,20,20,43211,45214,0,23367682,7163,6.97159235677061E+016,
196,6.9715923314357E+016,2304,,1,4,-1,21300,3300,419,20,20,43211,45214,0,23183105,5811,6.97159232528712E+016,
195,6.97159230096409E+016,2304,,1,4,-1,21300,3300,440,20,20,43211,45214,0,23367682,1831,6.97159227285832E+016,
194,6.97159229135913E+016,2304,,1,4,-1,21300,3300,419,20,20,43211,45214,0,23183105,23515,6.97159227285832E+016,
193,6.97159216806232E+016,2304,,1,4,-1,21300,3300,440,20,20,43211,45214,0,23367682,1737,6.97159215758705E+016,
192,6.97159215897117E+016,2304,,1,4,-1,21300,3300,375,20,20,43211,45214,0,23769347,6645,6.97159215758705E+016,
191,6.97159212412699E+016,2304,,1,4,-1,21300,3300,440,20,20,43211,45214,0,23367682,18645,6.97159211573576E+016,
190,6.97159202637873E+016,2304,,1,4,-1,21300,3300,438,20,20,43211,45214,0,23367683,39175,6.97159202140979E+016,
189,6.97159182098891E+016,2304,,1,4,-1,21300,3300,438,20,20,43211,45214,0,23367683,43292,6.97159181175358E+016,
188,6.97159159401415E+016,2304,,1,4,-1,21300,3300,438,20,20,43211,45214,0,23367683,29193,6.97159158088335E+016,
187,6.97159144095875E+016,2304,,1,4,-1,21300,3300,438,20,20,43211,45214,0,23367683,15917,6.97159141368791E+016,
186,6.97159135746064E+016,2304,,1,4,-1,21300,3300,418,20,20,43211,45214,0,23183107,41547,6.97159134001889E+016,
185,6.97159113968189E+016,2304,,1,4,-1,21300,3300,438,20,20,43211,45214,0,23367683,17011,6.97159113010053E+016,
184,6.97159105050051E+016,2304,,1,4,-1,21300,3300,344,20,20,43211,45214,0,23114243,74273,6.97159104621445E+016,
183,6.97159066101744E+016,2304,,1,4,-1,21300,3300,455,20,20,43211,45214,0,23261441,5753,6.9715906583724E+016,
182,6.9715906309233E+016,2304,,1,4,-1,21300,3300,453,20,20,43211,45214,0,23261451,2731,6.97159062707896E+016,
181,6.97159061661549E+016,2304,,1,4,-1,21300,3300,454,20,20,43211,45214,0,23261443,35712,6.97159060596982E+016,
180,6.97159042937651E+016,2304,,1,4,-1,21300,3300,456,20,20,43211,45214,0,23261442,53261,6.97159042779709E+016,
179,6.97159015011451E+016,2304,,1,4,-1,21300,3300,456,20,20,43211,45214,0,23261442,4271,6.9715901448192E+016,
178,6.97159012774314E+016,2304,,1,4,-1,21300,3300,411,20,20,43211,45214,0,23475201,28713,6.97159012383457E+016,
177,6.97158997713617E+016,2304,,1,4,-1,21300,3300,456,20,20,43211,45214,0,23261442,27098,6.97158997714534E+016,
176,6.97158983513276E+016,2304,,1,4,-1,21300,3300,289,20,20,43211,45214,0,23248385,13599,6.97158983008256E+016,
175,6.97158976383484E+016,2304,,1,4,-1,21300,3300,288,20,20,43211,45214,0,23248386,51239,6.9715897568854E+016,
174,6.97158949517394E+016,2304,,1,4,-1,21300,3300,289,20,20,43211,45214,0,23248385,7525,6.97158948407869E+016,
173,6.97158945574224E+016,2304,,1,4,-1,21300,3300,288,20,20,43211,45214,0,23248386,11800,6.97158945283113E+016,
172,6.97158939387625E+016,2304,,1,4,-1,21300,3300,289,20,20,43211,45214,0,23248385,47246,6.97158938989691E+016,
171,6.97158914617639E+016,2304,,1,4,-1,21300,3300,61,20,20,43211,45214,0,23189763,12900,6.97158912768082E+016,
170,6.97158907853799E+016,2304,,1,4,-1,21300,3300,61,20,20,43211,45214,0,23189763,107725,6.97158907559936E+016,
169,6.97158851375399E+016,2304,,1,4,-1,21300,3300,50,20,20,43211,45214,0,23675915,6985,6.97158850917171E+016,
168,6.97158847712723E+016,2304,,1,4,-1,21300,3300,301,20,20,43211,45214,0,23478017,55450,6.97158846732698E+016,
167,6.97158818641478E+016,2304,,1,4,-1,21300,3300,301,20,20,43211,45214,0,23478017,10471,6.97158817385022E+016,
166,6.97158813150085E+016,2304,,1,4,-1,21300,3300,50,20,20,43211,45214,0,23675915,2318,6.97158812151972E+016,
165,6.97158811935834E+016,2304,,1,4,-1,21300,3300,455,20,20,43211,45214,0,23261441,602,6.97158811098808E+016,
164,6.97158811620213E+016,2304,,1,4,-1,21300,3300,418,20,20,43211,45214,0,23183107,1772,6.97158811098808E+016,
163,6.97158810690126E+016,2304,,1,4,-1,21300,3300,455,20,20,43211,45214,0,23261441,4978,6.97158808995103E+016,
162,6.97158808080745E+016,2304,,1,4,-1,21300,3300,50,20,20,43211,45214,0,23675915,50232,6.97158806897295E+016,
161,6.97158781745758E+016,2304,,1,4,-1,21300,3300,455,20,20,43211,45214,0,23261441,32256,6.9715878172033E+016,
160,6.97158764831179E+016,2304,,1,4,-1,21300,3300,455,20,20,43211,45214,0,23261441,8976,6.97158759696302E+016,
159,6.97158760127267E+016,2304,,1,4,-1,21300,3300,453,20,20,43211,45214,0,23261451,2766,6.97158759696302E+016,
158,6.9715875867761E+016,2304,,1,4,-1,21300,3300,455,20,20,43211,45214,0,23261441,4339,6.97158757596529E+016,
157,6.97158756402201E+016,2304,,1,4,-1,21300,3300,453,20,20,43211,45214,0,23261451,4999,6.97158755534766E+016,
156,6.97158753781285E+016,2304,,1,4,-1,21300,3300,454,20,20,43211,45214,0,23261443,5697,6.97158752391004E+016,
155,6.9715875079494E+016,2304,,1,4,-1,21300,3300,453,20,20,43211,45214,0,23261451,11219,6.97158750287299E+016,
154,6.97158744905613E+016,2304,,1,4,-1,21300,3300,454,20,20,43211,45214,0,23261443,26129,6.97158743987323E+016,
153,6.97158731213832E+016,2304,,1,4,-1,21300,3300,456,20,20,43211,45214,0,23261442,6857,6.97158730335519E+016,
152,6.97158727618265E+016,2304,,1,4,-1,21300,3300,454,20,20,43211,45214,0,23261443,17337,6.97158727187825E+016,
151,6.97158718529208E+016,2304,,1,4,-1,21300,3300,411,20,20,43211,45214,0,23475201,2258,6.97158717751951E+016,
150,6.9715871734589E+016,2304,,1,4,-1,21300,3300,412,20,20,43211,45214,0,23475202,12761,6.97158716716483E+016,
149,6.97158710654403E+016,2304,,1,4,-1,21300,3300,290,20,20,43211,45214,0,23248387,36125,6.97158710409298E+016,
148,6.97158691715023E+016,2304,,1,4,-1,21300,3300,290,20,20,43211,45214,0,23248387,306030,6.97158691550003E+016,
147,6.97158531267166E+016,2304,,1,4,-1,21300,3300,288,20,20,43211,45214,0,23248386,3843,6.97158360198021E+016,
146,6.97158529252327E+016,2304,,1,4,-1,19423,1423,288,20,20,43211,45214,0,23248389,54132,6.97158360198021E+016,
145,6.97158500872094E+016,2304,,1,4,-1,19423,1423,288,20,20,43211,45214,0,23248389,445,6.97158360198021E+016,
144,6.97158500638261E+016,2304,,1,4,-1,19423,1423,290,20,20,43211,45214,0,23248390,304241,6.97158360198021E+016,
143,6.9715834112888E+016,2304,,1,4,-1,21102,3102,288,20,20,43211,45214,0,23248392,4564,6.97158339216671E+016,
142,6.97158338735505E+016,2304,,1,4,-1,21102,3102,412,20,20,43211,45214,0,23475208,81278,6.97158338179891E+016,
141,6.97158296122425E+016,2304,,1,4,-1,21102,3102,290,20,20,43211,45214,0,23248393,4014,6.97158295181066E+016,
140,6.97158294017933E+016,2304,,1,4,-1,21102,3102,454,20,20,43211,45214,0,23261449,3101,6.97158292043203E+016,
139,6.97158292391068E+016,2304,,1,4,-1,21102,3102,290,20,20,43211,45214,0,23248393,45578,6.97158292043203E+016,
138,6.97158268494545E+016,2304,,1,4,-1,21102,3102,454,20,20,43211,45214,0,23261449,22495,6.97158139980677E+016,
137,6.97158256702259E+016,2304,,1,4,-1,21102,3102,290,20,20,43211,45214,0,23248393,27321,6.97158139980677E+016,
136,6.97158242377138E+016,2304,,1,4,-1,21102,3102,412,20,20,43211,45214,0,23475208,3314,6.97158139980677E+016,
135,6.97158240640696E+016,2304,,1,4,-1,21102,3102,456,20,20,43211,45214,0,23261448,25791,6.97158139980677E+016,
134,6.97158227118785E+016,2304,,1,4,-1,21102,3102,290,20,20,43211,45214,0,23248393,22046,6.97158139980677E+016,
133,6.97158215559283E+016,2304,,1,4,-1,21102,3102,412,20,20,43211,45214,0,23475208,17928,6.97158139980677E+016,
132,6.97158206160896E+016,2304,,1,4,-1,21102,3102,454,20,20,43211,45214,0,23261449,6907,6.97158139980677E+016,
131,6.9715820253859E+016,2304,,1,4,-1,21102,3102,456,20,20,43211,45214,0,23261448,12653,6.97158139980677E+016,
130,6.97158195906347E+016,2304,,1,4,-1,21102,3102,290,20,20,43211,45214,0,23248393,39425,6.97158139980677E+016,
129,6.9715817523105E+016,2304,,1,4,-1,21102,3102,454,20,20,43211,45214,0,23261449,3564,6.97158139980677E+016,
128,6.97158173367206E+016,2304,,1,4,-1,21102,3102,290,20,20,43211,45214,0,23248393,1415,6.97158139980677E+016,
127,6.97158172625338E+016,2304,,1,4,-1,21102,3102,412,20,20,43211,45214,0,23475208,67153,6.97158139980677E+016,
126,6.97158137417302E+016,2304,,1,4,-1,21102,3102,454,20,20,43211,45214,0,23261449,13354,6.97157862130975E+016,
125,6.97158130414387E+016,2304,,1,4,-1,21102,3102,290,20,20,43211,45214,0,23248393,833,6.97157862130975E+016,
124,6.97158129979228E+016,2304,,1,4,-1,21102,3102,412,20,20,43211,45214,0,23475208,2438,6.97157862130975E+016,
123,6.97158128701538E+016,2304,,1,4,-1,21102,3102,290,20,20,43211,45214,0,23248393,1375,6.97157862130975E+016,
122,6.97158127980642E+016,2304,,1,4,-1,21102,3102,412,20,20,43211,45214,0,23475208,10048,6.97157862130975E+016,
121,6.97158122708402E+016,2304,,1,4,-1,21102,3102,290,20,20,43211,45214,0,23248393,21082,6.97157862130975E+016,
120,6.97158111659557E+016,2304,,1,4,-1,21102,3102,454,20,20,43211,45214,0,23261449,679,6.97157862130975E+016,
119,6.97158111302517E+016,2304,,1,4,-1,21102,3102,412,20,20,43211,45214,0,23475208,13169,6.97157862130975E+016,
118,6.97158104399217E+016,2304,,1,4,-1,21102,3102,290,20,20,43211,45214,0,23248393,3958,6.97157862130975E+016,
117,6.97158102324085E+016,2304,,1,4,-1,21102,3102,454,20,20,43211,45214,0,23261449,5685,6.97157862130975E+016,
116,6.97158099343507E+016,2304,,1,4,-1,21102,3102,290,20,20,43211,45214,0,23248393,1452,6.97157862130975E+016,
115,6.97158098581717E+016,2304,,1,4,-1,21102,3102,412,20,20,43211,45214,0,23475208,1277,6.97157862130975E+016,
114,6.9715809791325E+016,2304,,1,4,-1,21102,3102,456,20,20,43211,45214,0,23261448,1470,6.97157862130975E+016,
113,6.97158097137828E+016,2304,,1,4,-1,21102,3102,290,20,20,43211,45214,0,23248393,1640,6.97157862130975E+016,
112,6.9715809628219E+016,2304,,1,4,-1,21102,3102,412,20,20,43211,45214,0,23475208,1044,6.97157862130975E+016,
111,6.97158095734833E+016,2304,,1,4,-1,21102,3102,454,20,20,43211,45214,0,23261449,30488,6.97157862130975E+016,
110,6.97158079747195E+016,2304,,1,4,-1,21102,3102,290,20,20,43211,45214,0,23248393,2108,6.97157862130975E+016,
109,6.97158078644617E+016,2304,,1,4,-1,21102,3102,412,20,20,43211,45214,0,23475208,8307,6.97157862130975E+016,
108,6.97158074288308E+016,2304,,1,4,-1,21102,3102,290,20,20,43211,45214,0,23248393,1045,6.97157862130975E+016,
107,6.97158073737806E+016,2304,,1,4,-1,21102,3102,412,20,20,43211,45214,0,23475208,3354,6.97157862130975E+016,
106,6.9715807198249E+016,2304,,1,4,-1,21102,3102,290,20,20,43211,45214,0,23248393,1032,6.97157862130975E+016,
105,6.97158071442473E+016,2304,,1,4,-1,21102,3102,412,20,20,43211,45214,0,23475208,1035,6.97157862130975E+016,
104,6.97158070899835E+016,2304,,1,4,-1,21102,3102,290,20,20,43211,45214,0,23248393,1187,6.97157862130975E+016,
103,6.97158070273311E+016,2304,,1,4,-1,21102,3102,412,20,20,43211,45214,0,23475208,5717,6.97157862130975E+016,
102,6.97158067280151E+016,2304,,1,4,-1,21102,3102,290,20,20,43211,45214,0,23248393,2676,6.97157862130975E+016,
101,6.97158065877156E+016,2304,,1,4,-1,21102,3102,454,20,20,43211,45214,0,23261449,12059,6.97157862130975E+016,
100,6.97158059554767E+016,2304,,1,4,-1,21102,3102,290,20,20,43211,45214,0,23248393,3015,6.97157862130975E+016,
99,6.97158057974039E+016,2304,,1,4,-1,21102,3102,454,20,20,43211,45214,0,23261449,31291,6.97157862130975E+016,
98,6.97158041568543E+016,2304,,1,4,-1,21102,3102,290,20,20,43211,45214,0,23248393,17407,6.97157862130975E+016,
97,6.97158032442262E+016,2304,,1,4,-1,21102,3102,454,20,20,43211,45214,0,23261449,2110,6.97157862130975E+016,
96,6.9715803133549E+016,2304,,1,4,-1,21102,3102,290,20,20,43211,45214,0,23248393,5326,6.97157862130975E+016,
95,6.97158028543656E+016,2304,,1,4,-1,21102,3102,456,20,20,43211,45214,0,23261448,2118,6.97157862130975E+016,
94,6.97158027427971E+016,2304,,1,4,-1,21102,3102,411,20,20,43211,45214,0,23475207,8155,6.97157862130975E+016,
93,6.97158023157645E+016,2304,,1,4,-1,21102,3102,290,20,20,43211,45214,0,23248393,1549,6.97157862130975E+016,
92,6.97158022346048E+016,2304,,1,4,-1,21102,3102,412,20,20,43211,45214,0,23475208,8665,6.97157862130975E+016,
91,6.97158017802568E+016,2304,,1,4,-1,21102,3102,290,20,20,43211,45214,0,23248393,1037,6.97157862130975E+016,
90,6.97158017258881E+016,2304,,1,4,-1,21102,3102,454,20,20,43211,45214,0,23261449,3127,6.97157862130975E+016,
89,6.97158015619432E+016,2304,,1,4,-1,21102,3102,412,20,20,43211,45214,0,23475208,405,6.97157862130975E+016,
88,6.97158015407096E+016,2304,,1,4,-1,21102,3102,456,20,20,43211,45214,0,23261448,13941,6.97157862130975E+016,
87,6.97158008097473E+016,2304,,1,4,-1,21102,3102,290,20,20,43211,45214,0,23248393,2556,6.97157862130975E+016,
86,6.97158006757917E+016,2304,,1,4,-1,21102,3102,412,20,20,43211,45214,0,23475208,6400,6.97157862130975E+016,
85,6.97158003401949E+016,2304,,1,4,-1,21102,3102,290,20,20,43211,45214,0,23248393,10121,6.97157862130975E+016,
84,6.97157998095106E+016,2304,,1,4,-1,21102,3102,454,20,20,43211,45214,0,23261449,1067,6.97157862130975E+016,
83,6.97157997537264E+016,2304,,1,4,-1,21102,3102,412,20,20,43211,45214,0,23475208,4744,6.97157862130975E+016,
82,6.9715799504742E+016,2304,,1,4,-1,21102,3102,290,20,20,43211,45214,0,23248393,6384,6.97157862130975E+016,
81,6.97157991702462E+016,2304,,1,4,-1,21102,3102,412,20,20,43211,45214,0,23475208,11246,6.97157862130975E+016,
80,6.97157985805271E+016,2304,,1,4,-1,21102,3102,290,20,20,43211,45214,0,23248393,14644,6.97157862130975E+016,
79,6.971579781255E+016,2304,,1,4,-1,21102,3102,412,20,20,43211,45214,0,23475208,1220,6.97157862130975E+016,
78,6.97157977489015E+016,2304,,1,4,-1,21102,3102,290,20,20,43211,45214,0,23248393,1854,6.97157862130975E+016,
77,6.97157976516985E+016,2304,,1,4,-1,21102,3102,412,20,20,43211,45214,0,23475208,1632,6.97157862130975E+016,
76,6.97157975659774E+016,2304,,1,4,-1,21102,3102,290,20,20,43211,45214,0,23248393,6025,6.97157862130975E+016,
75,6.97157972502512E+016,2304,,1,4,-1,21102,3102,412,20,20,43211,45214,0,23475208,17099,6.97157862130975E+016,
74,6.97157963537711E+016,2304,,1,4,-1,21102,3102,454,20,20,43211,45214,0,23261449,1005,6.97157862130975E+016,
73,6.97157963007656E+016,2304,,1,4,-1,21102,3102,290,20,20,43211,45214,0,23248393,51893,6.97157862130975E+016,
72,6.97157935803924E+016,2304,,1,4,-1,21102,3102,454,20,20,43211,45214,0,23261449,22827,6.97157862130975E+016,
71,6.9715792383443E+016,2304,,1,4,-1,21102,3102,412,20,20,43211,45214,0,23475208,84722,6.97157862130975E+016,
70,6.97157879417274E+016,2304,,1,4,-1,21102,3102,454,20,20,43211,45214,0,23261449,11362,6.97157862130975E+016,
69,6.97157873459266E+016,2304,,1,4,-1,21102,3102,412,20,20,43211,45214,0,23475208,5257,6.97157862130975E+016,
68,6.97157870704132E+016,2304,,1,4,-1,21102,3102,454,20,20,43211,45214,0,23261449,1054,6.97157862130975E+016,
67,6.97157870151533E+016,2304,,1,4,-1,21102,3102,412,20,20,43211,45214,0,23475208,5286,6.97157862130975E+016,
66,6.97157867380146E+016,2304,,1,4,-1,21102,3102,290,20,20,43211,45214,0,23248393,10270,6.97157862130975E+016,
65,6.97157861994136E+016,2304,,1,4,-1,21102,3102,412,20,20,43211,45214,0,23475208,613,6.97157857937981E+016,
64,6.97157861672747E+016,2304,,1,4,-1,21102,3102,454,20,20,43211,45214,0,23261449,37355,6.97157857937981E+016,
63,6.97157842085872E+016,2304,,1,4,-1,21102,3102,411,20,20,43211,45214,0,23475207,17013,6.97157841194844E+016,
62,6.97157833163014E+016,2304,,1,4,-1,21102,3102,456,20,20,43211,45214,0,23261448,21207,6.97157832768225E+016,
61,6.97157822050206E+016,2304,,1,4,-1,21102,3102,302,20,20,43211,45214,0,23478025,18847,6.97157820210217E+016,
60,6.97157812169474E+016,2304,,1,4,-1,21102,3102,411,20,20,43211,45214,0,23475207,96288,6.9715781178622E+016,
59,6.97157761687355E+016,2304,,1,4,-1,21102,3102,413,20,20,43211,45214,0,23475209,1651,6.97156276610662E+016,
58,6.97157760819135E+016,2304,,1,4,-1,21102,3102,411,20,20,43211,45214,0,23475207,927396,6.97156276610662E+016,
57,6.97157274598638E+016,2304,,1,4,-1,21300,3300,413,20,20,43211,45214,0,23475203,788941,6.97156276610662E+016,
56,6.97156860966863E+016,2304,,1,4,-1,21300,3300,413,20,20,43211,45214,0,23475203,51214,6.97156276610662E+016,
55,6.97156834113356E+016,2304,,1,4,-1,21300,3300,413,20,20,43211,45214,0,23475203,14048,6.97156276610662E+016,
54,6.97156826751304E+016,2304,,1,4,-1,21300,3300,413,20,20,43211,45214,0,23475203,12023,6.97156276610662E+016,
53,6.97156820447265E+016,2304,,1,4,-1,21300,3300,413,20,20,43211,45214,0,23475203,25262,6.97156276610662E+016,
52,6.97156807203226E+016,2304,,1,4,-1,21300,3300,413,20,20,43211,45214,0,23475203,51528,6.97156276610662E+016,
51,6.97156780182471E+016,2304,,1,4,-1,21300,3300,413,20,20,43211,45214,0,23475203,29899,6.97156276610662E+016,
50,6.97156764510978E+016,2304,,1,4,-1,21300,3300,413,20,20,43211,45214,0,23475203,22988,6.97156276610662E+016,
49,6.9715675245917E+016,2304,,1,4,-1,21300,3300,413,20,20,43211,45214,0,23475203,22373,6.97156276610662E+016,
48,6.97156740729274E+016,2304,,1,4,-1,21300,3300,413,20,20,43211,45214,0,23475203,29322,6.97156276610662E+016,
47,6.97156725356102E+016,2304,,1,4,-1,21300,3300,413,20,20,43211,45214,0,23475203,45907,6.97156276610662E+016,
46,6.97156701287612E+016,2304,,1,4,-1,21300,3300,413,20,20,43211,45214,0,23475203,57662,6.97156276610662E+016,
45,6.97156671056642E+016,2304,,1,4,-1,21300,3300,413,20,20,43211,45214,0,23475203,19876,6.97156276610662E+016,
44,6.97156660635894E+016,2304,,1,4,-1,21300,3300,413,20,20,43211,45214,0,23475203,31548,6.97156276610662E+016,
43,6.97156644095132E+016,2304,,1,4,-1,21300,3300,413,20,20,43211,45214,0,23475203,12483,6.97156276610662E+016,
42,6.97156637550969E+016,2304,,1,4,-1,21300,3300,413,20,20,43211,45214,0,23475203,32711,6.97156276610662E+016,
41,6.9715662040046E+016,2304,,1,4,-1,21300,3300,413,20,20,43211,45214,0,23475203,57759,6.97156276610662E+016,
40,6.97156590118109E+016,2304,,1,4,-1,21300,3300,413,20,20,43211,45214,0,23475203,18024,6.97156276610662E+016,
39,6.97156580668342E+016,2304,,1,4,-1,21300,3300,413,20,20,43211,45214,0,23475203,38755,6.97156276610662E+016,
38,6.97156560349561E+016,2304,,1,4,-1,21300,3300,413,20,20,43211,45214,0,23475203,37070,6.97156276610662E+016,
37,6.97156540914205E+016,2304,,1,4,-1,21300,3300,413,20,20,43211,45214,0,23475203,15369,6.97156276610662E+016,
36,6.97156532856947E+016,2304,,1,4,-1,21300,3300,413,20,20,43211,45214,0,23475203,40956,6.97156276610662E+016,
35,6.97156511383683E+016,2304,,1,4,-1,21300,3300,413,20,20,43211,45214,0,23475203,11776,6.97156276610662E+016,
34,6.97156505209668E+016,2304,,1,4,-1,21300,3300,413,20,20,43211,45214,0,23475203,51553,6.97156276610662E+016,
33,6.97156478181048E+016,2304,,1,4,-1,21300,3300,413,20,20,43211,45214,0,23475203,33021,6.97156276610662E+016,
32,6.97156460868534E+016,2304,,1,4,-1,21300,3300,413,20,20,43211,45214,0,23475203,18179,6.97156276610662E+016,
31,6.97156451337503E+016,2304,,1,4,-1,21300,3300,413,20,20,43211,45214,0,23475203,51974,6.97156276610662E+016,
30,6.97156424088158E+016,2304,,1,4,-1,21300,3300,413,20,20,43211,45214,0,23475203,52704,6.97156276610662E+016,
29,6.97156396456083E+016,2304,,1,4,-1,21300,3300,413,20,20,43211,45214,0,23475203,20473,6.97156276610662E+016,
28,6.97156385722335E+016,2304,,1,4,-1,21300,3300,413,20,20,43211,45214,0,23475203,32504,6.97156276610662E+016,
27,6.97156368680878E+016,2304,,1,4,-1,21300,3300,413,20,20,43211,45214,0,23475203,50987,6.97156276610662E+016,
26,6.9715634194953E+016,2304,,1,4,-1,21300,3300,413,20,20,43211,45214,0,23475203,38122,6.97156276610662E+016,
25,6.97156321962099E+016,2304,,1,4,-1,21300,3300,413,20,20,43211,45214,0,23475203,13418,6.97156276610662E+016,
24,6.97156314927202E+016,2304,,1,4,-1,21300,3300,413,20,20,43211,45214,0,23475203,26729,6.97156276610662E+016,
23,6.97156300913508E+016,2304,,1,4,-1,21300,3300,413,20,20,43211,45214,0,23475203,25595,6.97156276610662E+016,
22,6.97156287493308E+016,2304,,1,4,-1,21300,3300,413,20,20,43211,45214,0,23475203,50348,6.97156276610662E+016,
21,6.97156261097505E+016,2304,,1,4,-1,21300,3300,413,20,20,43211,45214,0,23475203,54482,6.97156182224405E+016,
20,6.9715623253377E+016,2304,,1,4,-1,21300,3300,413,20,20,43211,45214,0,23475203,22267,6.97156182224405E+016,
19,6.97156220859449E+016,2304,,1,4,-1,21300,3300,413,20,20,43211,45214,0,23475203,29697,6.97156182224405E+016,
18,6.9715620528495E+016,2304,,1,4,-1,21300,3300,413,20,20,43211,45214,0,23475203,18937,6.97156182224405E+016,
17,6.97156195360703E+016,2304,,1,4,-1,21300,3300,413,20,20,43211,45214,0,23475203,23951,6.97156182224405E+016,
16,6.97156182802432E+016,2304,,1,4,-1,21300,3300,413,20,20,43211,45214,0,23475203,10172,6.97156182224405E+016,
15,6.97156177465704E+016,2304,,1,4,-1,21300,3300,411,20,20,43211,45214,0,23475201,8748,6.97156177007739E+016,
14,6.97156172877136E+016,2304,,1,4,-1,21300,3300,302,20,20,43211,45214,0,23478019,26712,6.97156172786565E+016,
13,6.97156158878646E+016,2304,,1,4,-1,21300,3300,456,20,20,43211,45214,0,23261442,17235,6.97156158109123E+016,
12,6.97156149843067E+016,2304,,1,4,-1,21300,3300,454,20,20,43211,45214,0,23261443,13212,6.97156149731656E+016,
11,6.97156142913028E+016,2304,,1,4,-1,21300,3300,454,20,20,43211,45214,0,23261443,3885,6.97156141327319E+016,
10,6.97156140879315E+016,2304,,1,4,-1,21300,3300,453,20,20,43211,45214,0,23261451,13687,6.97156139227546E+016,
9,6.97156133703385E+016,2304,,1,4,-1,21300,3300,453,20,20,43211,45214,0,23261451,10061,6.97156131909796E+016,
